sample1	sample2	plink2_ibs_distance	strain1	strain2
592BB	592BB	0	SHR/OlaIpcv	SHR/OlaIpcv
607	592BB	0.127568	HXB10	SHR/OlaIpcv
74AA	592BB	0.488403	F344/Stm	SHR/OlaIpcv
A2DB	592BB	0.495693	LE/Stm	SHR/OlaIpcv
D765A	592BB	0.131213	BXH6	SHR/OlaIpcv
DA08A	592BB	0.121935	HXB2	SHR/OlaIpcv
DA21A	592BB	0.24387	SHR/OlaIpcvxBN/NHsdMcwi	SHR/OlaIpcv
DA68A	592BB	0.12061	HXB31	SHR/OlaIpcv
DBA9A	592BB	0.14049	HXB23	SHR/OlaIpcv
DE8BA	592BB	0.272366	BN-Lx	SHR/OlaIpcv
592BB	607	0.127568	SHR/OlaIpcv	HXB10
607	607	0	HXB10	HXB10
74AA	607	0.405235	F344/Stm	HXB10
A2DB	607	0.410537	LE/Stm	HXB10
D765A	607	0.132207	BXH6	HXB10
DA08A	607	0.127568	HXB2	HXB10
DA21A	607	0.240225	SHR/OlaIpcvxBN/NHsdMcwi	HXB10
DA68A	607	0.128893	HXB31	HXB10
DBA9A	607	0.150099	HXB23	HXB10
DE8BA	607	0.144798	BN-Lx	HXB10
592BB	74AA	0.488403	SHR/OlaIpcv	F344/Stm
607	74AA	0.405235	HXB10	F344/Stm
74AA	74AA	0	F344/Stm	F344/Stm
A2DB	74AA	0.534791	LE/Stm	F344/Stm
D765A	74AA	0.402253	BXH6	F344/Stm
DA08A	74AA	0.41882	HXB2	F344/Stm
DA21A	74AA	0.489066	SHR/OlaIpcvxBN/NHsdMcwi	F344/Stm
DA68A	74AA	0.409543	HXB31	F344/Stm
DBA9A	74AA	0.399602	HXB23	F344/Stm
DE8BA	74AA	0.294235	BN-Lx	F344/Stm
592BB	A2DB	0.495693	SHR/OlaIpcv	LE/Stm
607	A2DB	0.410537	HXB10	LE/Stm
74AA	A2DB	0.534791	F344/Stm	LE/Stm
A2DB	A2DB	0	LE/Stm	LE/Stm
D765A	A2DB	0.402253	BXH6	LE/Stm
DA08A	A2DB	0.41882	HXB2	LE/Stm
DA21A	A2DB	0.489066	SHR/OlaIpcvxBN/NHsdMcwi	LE/Stm
DA68A	A2DB	0.414844	HXB31	LE/Stm
DBA9A	A2DB	0.408217	HXB23	LE/Stm
DE8BA	A2DB	0.297548	BN-Lx	LE/Stm
592BB	D765A	0.131213	SHR/OlaIpcv	BXH6
607	D765A	0.132207	HXB10	BXH6
74AA	D765A	0.402253	F344/Stm	BXH6
A2DB	D765A	0.402253	LE/Stm	BXH6
D765A	D765A	0	BXH6	BXH6
DA08A	D765A	0.139828	HXB2	BXH6
DA21A	D765A	0.248509	SHR/OlaIpcvxBN/NHsdMcwi	BXH6
DA68A	D765A	0.128562	HXB31	BXH6
DBA9A	D765A	0.13784	HXB23	BXH6
DE8BA	D765A	0.141153	BN-Lx	BXH6
592BB	DA08A	0.121935	SHR/OlaIpcv	HXB2
607	DA08A	0.127568	HXB10	HXB2
74AA	DA08A	0.41882	F344/Stm	HXB2
A2DB	DA08A	0.41882	LE/Stm	HXB2
D765A	DA08A	0.139828	BXH6	HXB2
DA08A	DA08A	0	HXB2	HXB2
DA21A	DA08A	0.24387	SHR/OlaIpcvxBN/NHsdMcwi	HXB2
DA68A	DA08A	0.139165	HXB31	HXB2
DBA9A	DA08A	0.12326	HXB23	HXB2
DE8BA	DA08A	0.150431	BN-Lx	HXB2
592BB	DA21A	0.24387	SHR/OlaIpcv	SHR/OlaIpcvxBN/NHsdMcwi
607	DA21A	0.240225	HXB10	SHR/OlaIpcvxBN/NHsdMcwi
74AA	DA21A	0.489066	F344/Stm	SHR/OlaIpcvxBN/NHsdMcwi
A2DB	DA21A	0.489066	LE/Stm	SHR/OlaIpcvxBN/NHsdMcwi
D765A	DA21A	0.248509	BXH6	SHR/OlaIpcvxBN/NHsdMcwi
DA08A	DA21A	0.24387	HXB2	SHR/OlaIpcvxBN/NHsdMcwi
DA21A	DA21A	0	SHR/OlaIpcvxBN/NHsdMcwi	SHR/OlaIpcvxBN/NHsdMcwi
DA68A	DA21A	0.236581	HXB31	SHR/OlaIpcvxBN/NHsdMcwi
DBA9A	DA21A	0.245858	HXB23	SHR/OlaIpcvxBN/NHsdMcwi
DE8BA	DA21A	0.26640200000000003	BN-Lx	SHR/OlaIpcvxBN/NHsdMcwi
592BB	DA68A	0.12061	SHR/OlaIpcv	HXB31
607	DA68A	0.128893	HXB10	HXB31
74AA	DA68A	0.409543	F344/Stm	HXB31
A2DB	DA68A	0.414844	LE/Stm	HXB31
D765A	DA68A	0.128562	BXH6	HXB31
DA08A	DA68A	0.139165	HXB2	HXB31
DA21A	DA68A	0.236581	SHR/OlaIpcvxBN/NHsdMcwi	HXB31
DA68A	DA68A	0	HXB31	HXB31
DBA9A	DA68A	0.141816	HXB23	HXB31
DE8BA	DA68A	0.151756	BN-Lx	HXB31
592BB	DBA9A	0.14049	SHR/OlaIpcv	HXB23
607	DBA9A	0.150099	HXB10	HXB23
74AA	DBA9A	0.399602	F344/Stm	HXB23
A2DB	DBA9A	0.408217	LE/Stm	HXB23
D765A	DBA9A	0.13784	BXH6	HXB23
DA08A	DBA9A	0.12326	HXB2	HXB23
DA21A	DBA9A	0.245858	SHR/OlaIpcvxBN/NHsdMcwi	HXB23
DA68A	DBA9A	0.141816	HXB31	HXB23
DBA9A	DBA9A	0	HXB23	HXB23
DE8BA	DBA9A	0.131875	BN-Lx	HXB23
592BB	DE8BA	0.272366	SHR/OlaIpcv	BN-Lx
607	DE8BA	0.144798	HXB10	BN-Lx
74AA	DE8BA	0.294235	F344/Stm	BN-Lx
A2DB	DE8BA	0.297548	LE/Stm	BN-Lx
D765A	DE8BA	0.141153	BXH6	BN-Lx
DA08A	DE8BA	0.150431	HXB2	BN-Lx
DA21A	DE8BA	0.26640200000000003	SHR/OlaIpcvxBN/NHsdMcwi	BN-Lx
DA68A	DE8BA	0.151756	HXB31	BN-Lx
DBA9A	DE8BA	0.131875	HXB23	BN-Lx
DE8BA	DE8BA	0	BN-Lx	BN-Lx
