panel_group	official_strain	gvcf_sample	is_study_background
classic	ACI/EurMcwi	ACI_EurMcwi_200534	FALSE
classic	BDIX/NemOdaMcwi	BDIX_NemOda_440	FALSE
classic	BN/NHsdMcwi	BN_NHsdMcwi_199632	FALSE
classic	BN-Lx/CubMcwi	BN_Lx_Cub_200538	TRUE
classic	BUF/MnaMcwi	BUF_Mna_441	FALSE
classic	DA/OlaHsd	DA_OlaHsd_201571	FALSE
classic	F344/DuCrl	F344_DuCrl_201577	FALSE
classic	F344/NCrl	F344_NCrl_199613	FALSE
classic	F344/StmMcwi	F344-stm	TRUE
classic	FHH/EurMcwi	FHH_EurMcwi_198627	FALSE
classic	GK/FarMcwi	GK_FarMcwi_199107	FALSE
classic	LE/StmMcwi	LE-stm	TRUE
classic	LEW/Crl	LEW_Crl_201570	FALSE
classic	LH/MavRrrcAek	LH_MavRrrc_593_GSPMC	FALSE
classic	LL/MavRrrcAek	LL_MavRrrc_594_GSPMC	FALSE
classic	LN/MavRrrcAek	LN_MavRrrc_595_GSPMC	FALSE
classic	M520/NRrrcMcwi	M520_NRrrcMcwi_NOV	FALSE
classic	MNS/Gib	ERR224459_MNS_Gib_TA.ILM	FALSE
classic	MR/NRrrc	MR_N_439	FALSE
classic	MWF/Hsd	MWF_Hsd_198844	FALSE
classic	PVG/SeacMcwi	PVG_Seac_1	FALSE
classic	RCS/LavRrrcMcwi	RCS_LavRrrc_673	FALSE
classic	SBH/Ygl	ERR224460_SBH_Ygl_TA.ILM	FALSE
classic	SBN/Ygl	ERR224461_SBN_Ygl_TA.ILM	FALSE
classic	SHR/OlaIpcvMcwi	SHR_Olalpcv_199265	TRUE
classic	SHRSP/A3NCrl	SHRSP_A3NCrl_201576	FALSE
classic	SR/JrHsd	SR_JrHsd_605_GSPMC	FALSE
classic	SS/JrHsdMcwi	SS_JrHsdMcwi_199478	FALSE
classic	WAG/RijCrl	WAG_RijCrl_604_GSPMC	FALSE
classic	WKY/NCrl	WKY_NCrl_201573	FALSE
HXB_BXH_RI	BXH10	BXH10_mRatNor1	FALSE
HXB_BXH_RI	BXH11	BXH11_mRatNor1	FALSE
HXB_BXH_RI	BXH12	BXH12_mRatNor1	FALSE
HXB_BXH_RI	BXH13	BXH13_mRatNor1	FALSE
HXB_BXH_RI	BXH2	BXH2_606_GSPMC	FALSE
HXB_BXH_RI	BXH3	BXH3_607_GSPMC	FALSE
HXB_BXH_RI	BXH5	BXH5_mRatNor1	FALSE
HXB_BXH_RI	BXH6	BXH6_Cub_678	TRUE
HXB_BXH_RI	BXH8	BXH8_mRatNor1	FALSE
HXB_BXH_RI	BXH9	BXH9_mRatNor1	FALSE
HXB_BXH_RI	HXB1	HXB1_mRatNor1	FALSE
HXB_BXH_RI	HXB10	HXB10_200103	TRUE
HXB_BXH_RI	HXB13	HXB13_mRatNor1	FALSE
HXB_BXH_RI	HXB15	HXB15_mRatNor1	FALSE
HXB_BXH_RI	HXB17	HXB17_Ipcv_674	FALSE
HXB_BXH_RI	HXB18	HXB18_Ipcv_675	FALSE
HXB_BXH_RI	HXB2	HXB2_198893	TRUE
HXB_BXH_RI	HXB20	HXB20_609_GSPMC	FALSE
HXB_BXH_RI	HXB21	HXB21_mRatNor1	FALSE
HXB_BXH_RI	HXB22	HXB22_mRatNor1	FALSE
HXB_BXH_RI	HXB23	HXB23_Ipcv_672	TRUE
HXB_BXH_RI	HXB24	HXB24_mRatNor1	FALSE
HXB_BXH_RI	HXB25	HXB25_mRatNor1	FALSE
HXB_BXH_RI	HXB27	HXB27	FALSE
HXB_BXH_RI	HXB29	HXB29_mRatNor1	FALSE
HXB_BXH_RI	HXB3	HXB3_mRatNor1	FALSE
HXB_BXH_RI	HXB31	HXB31_200315	TRUE
HXB_BXH_RI	HXB4	HXB4_608_GSPMC	FALSE
HXB_BXH_RI	HXB5	HXB5_mRatNor1	FALSE
HXB_BXH_RI	HXB7	HXB7_mRatNor1	FALSE
FXLE_LEXF_RI	FXLE12	FXLE12	FALSE
FXLE_LEXF_RI	FXLE13	FXLE13	FALSE
FXLE_LEXF_RI	FXLE14	FXLE14	FALSE
FXLE_LEXF_RI	FXLE15	FXLE15	FALSE
FXLE_LEXF_RI	FXLE16	FXLE16_612_GSPMC	FALSE
FXLE_LEXF_RI	FXLE17	FXLE17	FALSE
FXLE_LEXF_RI	FXLE18	FXLE18_613_GSPMC	FALSE
FXLE_LEXF_RI	FXLE19	FXLE19_Stm_442	FALSE
FXLE_LEXF_RI	FXLE20	FXLE20	FALSE
FXLE_LEXF_RI	FXLE21	FXLE21	FALSE
FXLE_LEXF_RI	FXLE22	FXLE22	FALSE
FXLE_LEXF_RI	FXLE23	FXLE23	FALSE
FXLE_LEXF_RI	FXLE24	FXLE24	FALSE
FXLE_LEXF_RI	FXLE25	FXLE25	FALSE
FXLE_LEXF_RI	FXLE26	FXLE26	FALSE
FXLE_LEXF_RI	LEXF10A	LXF10A_610_GSPMC	FALSE
FXLE_LEXF_RI	LEXF10B	LEXF10B_Stm_447	FALSE
FXLE_LEXF_RI	LEXF10C	LEXF10C	FALSE
FXLE_LEXF_RI	LEXF11	LEXF11	FALSE
FXLE_LEXF_RI	LEXF1A	LEXF1A	FALSE
FXLE_LEXF_RI	LEXF1C	LEXF1C	FALSE
FXLE_LEXF_RI	LEXF2A	LEXF2A	FALSE
FXLE_LEXF_RI	LEXF2B	LEXF2B_9	FALSE
FXLE_LEXF_RI	LEXF2C	LEXF2C_Stm_443	FALSE
FXLE_LEXF_RI	LEXF3	LEXF3_615_GSPMC	FALSE
FXLE_LEXF_RI	LEXF4	LEXF4	FALSE
FXLE_LEXF_RI	LEXF5	LEXF5	FALSE
FXLE_LEXF_RI	LEXF6B	LEXF6B	FALSE
FXLE_LEXF_RI	LEXF7A	LEXF7A	FALSE
FXLE_LEXF_RI	LEXF7B	LEXF7B	FALSE
FXLE_LEXF_RI	LEXF7C	LEXF7C	FALSE
FXLE_LEXF_RI	LEXF8A	LEXF8A	FALSE
FXLE_LEXF_RI	LEXF8D	LEXF8D_Stm_449	FALSE
FXLE_LEXF_RI	LEXF9	LEXF9	FALSE
