chromosome	measurement_unit	variant_type	qual_threshold	maf_threshold	n_hrdp_panel_variants	n_study_background_variants	coverage_percent
chr1	site	SNP	30	0	1186477	731952	61.69120851057374
chr1	site	SNP	30	0.1	767679	721671	94.00687005896997
chr1	site	SNP	30	0.2	603784	590966	97.87705537079485
chr1	site	SNP	40	0	1092364	678092	62.07564511463212
chr1	site	SNP	40	0.1	712832	672971	94.40807932303825
chr1	site	SNP	40	0.2	568210	557210	98.06409602083737
chr1	site	INDEL	30	0	291216	192980	66.2669633536619
chr1	site	INDEL	30	0.1	195476	179624	91.89056457058668
chr1	site	INDEL	30	0.2	149553	144270	96.46747306974785
chr1	site	INDEL	40	0	240596	164144	68.22391062195548
chr1	site	INDEL	40	0.1	168545	156577	92.89922572606723
chr1	site	INDEL	40	0.2	133918	129935	97.0257919025075
chr1	site	OTHER	30	0	16749	8902	53.14944175771688
chr1	site	OTHER	30	0.1	9451	8051	85.1867527245794
chr1	site	OTHER	30	0.2	6927	6428	92.7963043164429
chr1	site	OTHER	40	0	12119	6511	53.72555491377177
chr1	site	OTHER	40	0.1	6903	5999	86.90424453136318
chr1	site	OTHER	40	0.2	5217	4903	93.981215257811
chr1	allele	SNP	30	0	1193043	734627	61.57590296410104
chr1	allele	SNP	30	0.1	770408	723996	93.97565965047092
chr1	allele	SNP	30	0.2	605575	592654	97.86632539322132
chr1	allele	SNP	40	0	1097297	680013	61.97164486916487
chr1	allele	SNP	40	0.1	714830	674688	94.38439908789502
chr1	allele	SNP	40	0.2	569552	558481	98.05619153299435
chr1	allele	INDEL	30	0	656786	318039	48.423535215427854
chr1	allele	INDEL	30	0.1	285153	251712	88.2726115453809
chr1	allele	INDEL	30	0.2	186914	178572	95.53698492354773
chr1	allele	INDEL	40	0	516882	258763	50.06229661702284
chr1	allele	INDEL	40	0.1	238573	213694	89.57174533580917
chr1	allele	INDEL	40	0.2	165499	159125	96.1486172121886
chr1	allele	OTHER	30	0	23134	11830	51.13685484568168
chr1	allele	OTHER	30	0.1	12538	10585	84.42335300685914
chr1	allele	OTHER	30	0.2	9067	8369	92.30175361199956
chr1	allele	OTHER	40	0	16089	8404	52.234445894710674
chr1	allele	OTHER	40	0.1	8886	7670	86.31555255458024
chr1	allele	OTHER	40	0.2	6627	6199	93.54157235551531
chr2	site	SNP	30	0	1262400	783149	62.03651774397972
chr2	site	SNP	30	0.1	885808	769512	86.87119556382422
chr2	site	SNP	30	0.2	656973	578339	88.03086275996121
chr2	site	SNP	40	0	1164140	725638	62.33253732368959
chr2	site	SNP	40	0.1	822463	715781	87.02896057330238
chr2	site	SNP	40	0.2	612380	538334	87.90848819360528
chr2	site	INDEL	30	0	288475	192253	66.64459658549268
chr2	site	INDEL	30	0.1	207632	179448	86.42598443399861
chr2	site	INDEL	30	0.2	158773	138992	87.54133259433279
chr2	site	INDEL	40	0	243190	166337	68.3979604424524
chr2	site	INDEL	40	0.1	182160	158672	87.10584101888449
chr2	site	INDEL	40	0.2	142659	125302	87.83322468263482
chr2	site	OTHER	30	0	16785	8784	52.33243967828418
chr2	site	OTHER	30	0.1	10314	8049	78.03955788248982
chr2	site	OTHER	30	0.2	7622	6421	84.2429808449226
chr2	site	OTHER	40	0	12429	6589	53.01311449030493
chr2	site	OTHER	40	0.1	7711	6126	79.44494877447802
chr2	site	OTHER	40	0.2	5798	4947	85.32252500862366
chr2	allele	SNP	30	0	1269960	785981	61.89021701470912
chr2	allele	SNP	30	0.1	889193	772042	86.82501999003591
chr2	allele	SNP	30	0.2	659205	580145	88.00676572538133
chr2	allele	SNP	40	0	1169928	727784	62.207588843074106
chr2	allele	SNP	40	0.1	825090	717738	86.98905573937388
chr2	allele	SNP	40	0.2	614156	539751	87.88499990230495
chr2	allele	INDEL	30	0	627573	304231	48.47738828789639
chr2	allele	INDEL	30	0.1	298465	242440	81.22895481882298
chr2	allele	INDEL	30	0.2	198864	170042	85.50667793064606
chr2	allele	INDEL	40	0	506340	253063	49.97886795433898
chr2	allele	INDEL	40	0.1	255696	209845	82.06815906388837
chr2	allele	INDEL	40	0.2	177235	152033	85.78046096989873
chr2	allele	OTHER	30	0	22880	11471	50.13548951048951
chr2	allele	OTHER	30	0.1	13421	10376	77.3116757320617
chr2	allele	OTHER	30	0.2	9788	8187	83.64323661626482
chr2	allele	OTHER	40	0	16271	8308	51.060168397762894
chr2	allele	OTHER	40	0.1	9693	7640	78.81976684205097
chr2	allele	OTHER	40	0.2	7184	6082	84.66035634743875
chr3	site	SNP	30	0	713270	482405	67.63287394675228
chr3	site	SNP	30	0.1	494939	474448	95.85989384550419
chr3	site	SNP	30	0.2	363035	360059	99.18024432905918
chr3	site	SNP	40	0	662288	449339	67.84646558596864
chr3	site	SNP	40	0.1	462640	444688	96.11966107556631
chr3	site	SNP	40	0.2	341653	339467	99.36016952873237
chr3	site	INDEL	30	0	186272	131686	70.69554200309226
chr3	site	INDEL	30	0.1	131657	123187	93.5666162832208
chr3	site	INDEL	30	0.2	97828	95062	97.17258862493355
chr3	site	INDEL	40	0	154819	112870	72.9044884671778
chr3	site	INDEL	40	0.1	114381	108174	94.57339942822672
chr3	site	INDEL	40	0.2	87405	85441	97.75298895944168
chr3	site	OTHER	30	0	10470	5933	56.666666666666664
chr3	site	OTHER	30	0.1	6203	5392	86.92568112203773
chr3	site	OTHER	30	0.2	4432	4170	94.0884476534296
chr3	site	OTHER	40	0	7556	4344	57.49073583906829
chr3	site	OTHER	40	0.1	4507	4021	89.21677390725539
chr3	site	OTHER	40	0.2	3263	3127	95.83205638982531
chr3	allele	SNP	30	0	716980	484122	67.52238556166141
chr3	allele	SNP	30	0.1	496592	475936	95.84044849695525
chr3	allele	SNP	30	0.2	364088	361080	99.1738261079739
chr3	allele	SNP	40	0	665079	450594	67.75044769117653
chr3	allele	SNP	40	0.1	463871	445811	96.10667620954963
chr3	allele	SNP	40	0.2	342437	340236	99.35725403504878
chr3	allele	INDEL	30	0	422520	217638	51.50951434251633
chr3	allele	INDEL	30	0.1	192881	173127	89.75845210259175
chr3	allele	INDEL	30	0.2	123037	118365	96.20276827295854
chr3	allele	INDEL	40	0	334846	178578	53.33138218763252
chr3	allele	INDEL	40	0.1	162725	148197	91.07205407896758
chr3	allele	INDEL	40	0.2	108521	105157	96.9001391435759
chr3	allele	OTHER	30	0	14420	7853	54.45908460471567
chr3	allele	OTHER	30	0.1	8190	7043	85.995115995116
chr3	allele	OTHER	30	0.2	5792	5409	93.38743093922652
chr3	allele	OTHER	40	0	10020	5567	55.55888223552894
chr3	allele	OTHER	40	0.1	5784	5111	88.36445366528353
chr3	allele	OTHER	40	0.2	4146	3944	95.12783405692234
chr4	site	SNP	30	0	862516	550137	63.78281678252925
chr4	site	SNP	30	0.1	597288	541086	90.59046891951621
chr4	site	SNP	30	0.2	451149	419115	92.89946337019477
chr4	site	SNP	40	0	782545	505881	64.6456114344862
chr4	site	SNP	40	0.1	549114	500880	91.2160316437024
chr4	site	SNP	40	0.2	421220	391695	92.99059873700205
chr4	site	INDEL	30	0	200833	136789	68.11081844119244
chr4	site	INDEL	30	0.1	142650	127926	89.6782334384858
chr4	site	INDEL	30	0.2	108509	100127	92.27529513680892
chr4	site	INDEL	40	0	165586	116189	70.16837172224704
chr4	site	INDEL	40	0.1	122763	111207	90.58674030448914
chr4	site	INDEL	40	0.2	96581	89446	92.61241859164846
chr4	site	OTHER	30	0	11114	6045	54.390858376822024
chr4	site	OTHER	30	0.1	6756	5468	80.93546477205447
chr4	site	OTHER	30	0.2	4858	4273	87.95800741045697
chr4	site	OTHER	40	0	7948	4388	55.20885757423251
chr4	site	OTHER	40	0.1	4916	4042	82.22131814483319
chr4	site	OTHER	40	0.2	3633	3222	88.68703550784475
chr4	allele	SNP	30	0	868025	552426	63.64171538838167
chr4	allele	SNP	30	0.1	599725	543050	90.54983534119805
chr4	allele	SNP	30	0.2	452629	420444	92.88931995077647
chr4	allele	SNP	40	0	786557	507579	64.53175040079739
chr4	allele	SNP	40	0.1	550927	502380	91.18812474247949
chr4	allele	SNP	40	0.2	422358	392726	92.984150886215
chr4	allele	INDEL	30	0	439097	219160	49.91152296645161
chr4	allele	INDEL	30	0.1	205210	175172	85.36231177817845
chr4	allele	INDEL	30	0.2	136384	124067	90.96888198029094
chr4	allele	INDEL	40	0	344081	177766	51.66399772146675
chr4	allele	INDEL	40	0.1	171513	148412	86.53105012448036
chr4	allele	INDEL	40	0.2	120067	109675	91.3448324685384
chr4	allele	OTHER	30	0	15288	8020	52.45944531658817
chr4	allele	OTHER	30	0.1	8893	7181	80.74890363207017
chr4	allele	OTHER	30	0.2	6339	5574	87.93185044959773
chr4	allele	OTHER	40	0	10538	5666	53.76731827671285
chr4	allele	OTHER	40	0.1	6273	5170	82.41670652000637
chr4	allele	OTHER	40	0.2	4614	4100	88.85999133073256
chr5	site	SNP	30	0	753573	520692	69.09642463304816
chr5	site	SNP	30	0.1	572654	516408	90.17801325058413
chr5	site	SNP	30	0.2	421714	394151	93.46405383743485
chr5	site	SNP	40	0	701575	490792	69.95574243666037
chr5	site	SNP	40	0.1	539210	488634	90.62035199643924
chr5	site	SNP	40	0.2	398979	373717	93.66833843385241
chr5	site	INDEL	30	0	189617	136078	71.76466245115154
chr5	site	INDEL	30	0.1	143512	128078	89.24549863426056
chr5	site	INDEL	30	0.2	109464	100824	92.10699408024556
chr5	site	INDEL	40	0	157950	117349	74.29503007280785
chr5	site	INDEL	40	0.1	125135	113044	90.33763535381787
chr5	site	INDEL	40	0.2	98002	90949	92.80320809779393
chr5	site	OTHER	30	0	10896	6261	57.46145374449339
chr5	site	OTHER	30	0.1	7082	5759	81.31883648686812
chr5	site	OTHER	30	0.2	5360	4700	87.68656716417911
chr5	site	OTHER	40	0	7791	4577	58.747272493903225
chr5	site	OTHER	40	0.1	5146	4267	82.91877186164011
chr5	site	OTHER	40	0.2	3984	3542	88.90562248995984
chr5	allele	SNP	30	0	757749	522597	68.9670326189807
chr5	allele	SNP	30	0.1	574817	518121	90.1366869803781
chr5	allele	SNP	30	0.2	423180	395455	93.44841438631315
chr5	allele	SNP	40	0	704749	492256	69.84841411623145
chr5	allele	SNP	40	0.1	540902	489986	90.58683458371387
chr5	allele	SNP	40	0.2	400143	374756	93.65551815226057
chr5	allele	INDEL	30	0	424549	221757	52.2335466577474
chr5	allele	INDEL	30	0.1	210841	178027	84.43661337216196
chr5	allele	INDEL	30	0.2	139823	126347	90.36210065582915
chr5	allele	INDEL	40	0	336250	183017	54.428847583643126
chr5	allele	INDEL	40	0.1	178582	153240	85.80932008825077
chr5	allele	INDEL	40	0.2	123842	112865	91.13628655867961
chr5	allele	OTHER	30	0	14875	8167	54.904201680672266
chr5	allele	OTHER	30	0.1	9203	7433	80.76714114962512
chr5	allele	OTHER	30	0.2	6868	6007	87.46359930110658
chr5	allele	OTHER	40	0	10353	5851	56.51501980102386
chr5	allele	OTHER	40	0.1	6544	5399	82.50305623471883
chr5	allele	OTHER	40	0.2	4989	4425	88.69512928442573
chr6	site	SNP	30	0	613312	401152	65.40749243451945
chr6	site	SNP	30	0.1	417908	395724	94.6916546225485
chr6	site	SNP	30	0.2	321293	317673	98.87330256183608
chr6	site	SNP	40	0	566859	372837	65.77244076569306
chr6	site	SNP	40	0.1	389365	370108	95.05425500494395
chr6	site	SNP	40	0.2	301783	299013	99.08212192204333
chr6	site	INDEL	30	0	153019	105273	68.79733889255583
chr6	site	INDEL	30	0.1	106908	98836	92.4495828188723
chr6	site	INDEL	30	0.2	81963	79390	96.8607786440223
chr6	site	INDEL	40	0	126978	90157	71.00206334955662
chr6	site	INDEL	40	0.1	92618	86605	93.50774147573905
chr6	site	INDEL	40	0.2	73275	71425	97.47526441487547
chr6	site	OTHER	30	0	8393	4675	55.70117955439056
chr6	site	OTHER	30	0.1	4962	4235	85.34864973800887
chr6	site	OTHER	30	0.2	3637	3394	93.31866923288425
chr6	site	OTHER	40	0	6008	3395	56.507989347536615
chr6	site	OTHER	40	0.1	3598	3116	86.60366870483602
chr6	site	OTHER	40	0.2	2703	2557	94.598594154643
chr6	allele	SNP	30	0	617233	402985	65.28895895067178
chr6	allele	SNP	30	0.1	419690	397282	94.66082108222736
chr6	allele	SNP	30	0.2	322452	318782	98.86184610422636
chr6	allele	SNP	40	0	569764	374192	65.674911015789
chr6	allele	SNP	40	0.1	390709	371302	95.03287613031694
chr6	allele	SNP	40	0.2	302691	299890	99.0746338675415
chr6	allele	INDEL	30	0	339253	171289	50.49004725087177
chr6	allele	INDEL	30	0.1	154264	136927	88.76147383705855
chr6	allele	INDEL	30	0.2	103360	99189	95.96458978328174
chr6	allele	INDEL	40	0	268110	140396	52.36507403677595
chr6	allele	INDEL	40	0.1	129690	116917	90.15112961677848
chr6	allele	INDEL	40	0.2	91370	88308	96.6487906314983
chr6	allele	OTHER	30	0	11487	6213	54.087229041525205
chr6	allele	OTHER	30	0.1	6579	5602	85.14971880224958
chr6	allele	OTHER	30	0.2	4815	4478	93.00103842159918
chr6	allele	OTHER	40	0	7959	4389	55.145118733509236
chr6	allele	OTHER	40	0.1	4646	4011	86.33232888506242
chr6	allele	OTHER	40	0.2	3475	3273	94.18705035971223
chr7	site	SNP	30	0	608368	397274	65.30159377219051
chr7	site	SNP	30	0.1	432770	393067	90.8258428264436
chr7	site	SNP	30	0.2	305411	286461	93.79524640566319
chr7	site	SNP	40	0	568615	374609	65.880956358872
chr7	site	SNP	40	0.1	407927	372449	91.30285565799763
chr7	site	SNP	40	0.2	289663	272220	93.97817463742349
chr7	site	INDEL	30	0	154961	106677	68.84119229999807
chr7	site	INDEL	30	0.1	111631	99981	89.5638308355206
chr7	site	INDEL	30	0.2	82009	76050	92.73372434732774
chr7	site	INDEL	40	0	129174	91953	71.18537786241814
chr7	site	INDEL	40	0.1	97332	88227	90.64541980027124
chr7	site	INDEL	40	0.2	73412	68484	93.28720100256089
chr7	site	OTHER	30	0	9089	4943	54.38442072835296
chr7	site	OTHER	30	0.1	5503	4498	81.73723423587134
chr7	site	OTHER	30	0.2	3888	3432	88.27160493827161
chr7	site	OTHER	40	0	6653	3689	55.44866977303472
chr7	site	OTHER	40	0.1	4055	3406	83.99506781750925
chr7	site	OTHER	40	0.2	2932	2638	89.97271487039563
chr7	allele	SNP	30	0	611635	398746	65.19345688196391
chr7	allele	SNP	30	0.1	434397	394390	90.79022184775677
chr7	allele	SNP	30	0.2	306429	287367	93.77930939956727
chr7	allele	SNP	40	0	571116	375724	65.7876858641677
chr7	allele	SNP	40	0.1	409171	373471	91.27504148632235
chr7	allele	SNP	40	0.2	290447	272918	93.96481974336109
chr7	allele	INDEL	30	0	349693	176853	50.573789009216654
chr7	allele	INDEL	30	0.1	164854	140889	85.46289443992866
chr7	allele	INDEL	30	0.2	104915	95963	91.46737835390554
chr7	allele	INDEL	40	0	278405	146116	52.48325281514341
chr7	allele	INDEL	40	0.1	139824	121335	86.77694816340542
chr7	allele	INDEL	40	0.2	92841	85455	92.0444631143568
chr7	allele	OTHER	30	0	12625	6682	52.926732673267324
chr7	allele	OTHER	30	0.1	7348	6006	81.73652694610779
chr7	allele	OTHER	30	0.2	5167	4563	88.31043158505904
chr7	allele	OTHER	40	0	8903	4851	54.48725148826238
chr7	allele	OTHER	40	0.1	5275	4436	84.09478672985782
chr7	allele	OTHER	40	0.2	3795	3418	90.06587615283267
chr8	site	SNP	30	0	513995	319132	62.08854171733188
chr8	site	SNP	30	0.1	349208	312941	89.61449909509518
chr8	site	SNP	30	0.2	261948	236401	90.24730099103638
chr8	site	SNP	40	0	486350	303745	62.453994037216
chr8	site	SNP	40	0.1	333019	298992	89.78226467558908
chr8	site	SNP	40	0.2	250988	226448	90.22264012622118
chr8	site	INDEL	30	0	141141	95880	67.93206793206794
chr8	site	INDEL	30	0.1	99046	88706	89.56040627587181
chr8	site	INDEL	30	0.2	73633	66604	90.45400839297598
chr8	site	INDEL	40	0	117271	81802	69.75467080522891
chr8	site	INDEL	40	0.1	86017	77760	90.40073473848193
chr8	site	INDEL	40	0.2	65977	59916	90.81346529851312
chr8	site	OTHER	30	0	8120	4503	55.45566502463054
chr8	site	OTHER	30	0.1	4853	4038	83.20626416649495
chr8	site	OTHER	30	0.2	3417	3007	88.00117061750073
chr8	site	OTHER	40	0	5901	3310	56.09218776478563
chr8	site	OTHER	40	0.1	3587	3033	84.555338723167
chr8	site	OTHER	40	0.2	2558	2276	88.97576231430806
chr8	allele	SNP	30	0	516437	320204	62.00252886605723
chr8	allele	SNP	30	0.1	350380	313894	89.58673440264856
chr8	allele	SNP	30	0.2	262712	237071	90.23988245683486
chr8	allele	SNP	40	0	488183	304515	62.3772232953626
chr8	allele	SNP	40	0.1	333875	299694	89.76233620366904
chr8	allele	SNP	40	0.2	251550	226942	90.21745179884715
chr8	allele	INDEL	30	0	327253	161547	49.364558919245965
chr8	allele	INDEL	30	0.1	146669	125057	85.26477987850193
chr8	allele	INDEL	30	0.2	92133	82103	89.11356408670075
chr8	allele	INDEL	40	0	257684	131220	50.922835721271014
chr8	allele	INDEL	40	0.1	123229	106387	86.33276258023679
chr8	allele	INDEL	40	0.2	81372	72773	89.43248291795703
chr8	allele	OTHER	30	0	11297	5972	52.86359210409843
chr8	allele	OTHER	30	0.1	6407	5284	82.47229592633057
chr8	allele	OTHER	30	0.2	4470	3904	87.33780760626398
chr8	allele	OTHER	40	0	7862	4232	53.828542355634696
chr8	allele	OTHER	40	0.1	4559	3828	83.9657819697302
chr8	allele	OTHER	40	0.2	3225	2853	88.46511627906976
chr9	site	SNP	30	0	526718	311678	59.17359953523518
chr9	site	SNP	30	0.1	341415	308702	90.4184057525299
chr9	site	SNP	30	0.2	273555	256564	93.78881760523478
chr9	site	SNP	40	0	492105	292559	59.45052377033357
chr9	site	SNP	40	0.1	320993	291156	90.70478172421205
chr9	site	SNP	40	0.2	260035	244141	93.88774588036226
chr9	site	INDEL	30	0	132946	85261	64.13205361575376
chr9	site	INDEL	30	0.1	88421	79220	89.59410094886961
chr9	site	INDEL	30	0.2	67930	63141	92.95009568673635
chr9	site	INDEL	40	0	111310	73296	65.8485311292786
chr9	site	INDEL	40	0.1	77286	69773	90.27896384856248
chr9	site	INDEL	40	0.2	61444	57339	93.31911984896817
chr9	site	OTHER	30	0	7469	3684	49.323872004284375
chr9	site	OTHER	30	0.1	4149	3335	80.38081465413353
chr9	site	OTHER	30	0.2	2886	2533	87.76853776853777
chr9	site	OTHER	40	0	5458	2671	48.93733968486625
chr9	site	OTHER	40	0.1	3022	2459	81.3699536730642
chr9	site	OTHER	40	0.2	2136	1894	88.67041198501873
chr9	allele	SNP	30	0	529506	312746	59.06373110030859
chr9	allele	SNP	30	0.1	342614	309650	90.3786768783529
chr9	allele	SNP	30	0.2	274380	257295	93.77323420074349
chr9	allele	SNP	40	0	494237	293336	59.35128288655038
chr9	allele	SNP	40	0.1	321898	291868	90.67095788106792
chr9	allele	SNP	40	0.2	260667	244703	93.8757111563796
chr9	allele	INDEL	30	0	295940	137769	46.55301750354802
chr9	allele	INDEL	30	0.1	126861	108153	85.25315108662237
chr9	allele	INDEL	30	0.2	83891	76850	91.606966182308
chr9	allele	INDEL	40	0	235228	112707	47.91393881680752
chr9	allele	INDEL	40	0.1	107280	92395	86.12509321401939
chr9	allele	INDEL	40	0.2	74810	68813	91.98369201978345
chr9	allele	OTHER	30	0	10313	4910	47.609812857558424
chr9	allele	OTHER	30	0.1	5473	4366	79.77343321761374
chr9	allele	OTHER	30	0.2	3807	3331	87.49671657473075
chr9	allele	OTHER	40	0	7242	3470	47.91494062413698
chr9	allele	OTHER	40	0.1	3895	3151	80.89858793324775
chr9	allele	OTHER	40	0.2	2756	2440	88.53410740203194
chr10	site	SNP	30	0	447764	257420	57.49010639533326
chr10	site	SNP	30	0.1	268580	255192	95.01526547025095
chr10	site	SNP	30	0.2	218840	216974	99.14732224456223
chr10	site	SNP	40	0	421801	244225	57.90052655162032
chr10	site	SNP	40	0.1	254968	242980	95.29823350381224
chr10	site	SNP	40	0.2	209081	207637	99.30935857394981
chr10	site	INDEL	30	0	136456	87667	64.24561763498856
chr10	site	INDEL	30	0.1	88560	81207	91.69715447154472
chr10	site	INDEL	30	0.2	68749	66720	97.04868434449956
chr10	site	INDEL	40	0	111774	74035	66.23633403117005
chr10	site	INDEL	40	0.1	75912	70425	92.77189377173569
chr10	site	INDEL	40	0.2	61236	59832	97.70723104056438
chr10	site	OTHER	30	0	8631	4360	50.51558336229869
chr10	site	OTHER	30	0.1	4692	3960	84.39897698209718
chr10	site	OTHER	30	0.2	3440	3193	92.81976744186046
chr10	site	OTHER	40	0	6193	3143	50.75084773130954
chr10	site	OTHER	40	0.1	3363	2905	86.3812072554267
chr10	site	OTHER	40	0.2	2549	2408	94.46841898783836
chr10	allele	SNP	30	0	450199	258404	57.39772856003678
chr10	allele	SNP	30	0.1	269611	256086	94.98351328395354
chr10	allele	SNP	30	0.2	219561	217659	99.13372593493379
chr10	allele	SNP	40	0	423652	244929	57.81372447197228
chr10	allele	SNP	40	0.1	255707	243630	95.27701627253067
chr10	allele	SNP	40	0.2	209610	208147	99.30203711654978
chr10	allele	INDEL	30	0	330617	152307	46.06750409083622
chr10	allele	INDEL	30	0.1	134337	118149	87.94970856874875
chr10	allele	INDEL	30	0.2	87750	84365	96.14245014245014
chr10	allele	INDEL	40	0	259433	123303	47.52787810340242
chr10	allele	INDEL	40	0.1	111813	99877	89.32503376172717
chr10	allele	INDEL	40	0.2	77172	74772	96.89006375369306
chr10	allele	OTHER	30	0	11831	5730	48.43208519989857
chr10	allele	OTHER	30	0.1	6145	5148	83.77542717656631
chr10	allele	OTHER	30	0.2	4451	4110	92.33880026960233
chr10	allele	OTHER	40	0	8231	4030	48.96124407726886
chr10	allele	OTHER	40	0.1	4271	3683	86.23273238117537
chr10	allele	OTHER	40	0.2	3208	3023	94.23316708229426
chr11	site	SNP	30	0	377922	229496	60.725758225242245
chr11	site	SNP	30	0.1	241578	227255	94.07106607389746
chr11	site	SNP	30	0.2	166044	160216	96.49008696490087
chr11	site	SNP	40	0	354659	217850	61.425199980826655
chr11	site	SNP	40	0.1	229514	216712	94.42212675479492
chr11	site	SNP	40	0.2	158522	153222	96.65661548554775
chr11	site	INDEL	30	0	94298	61016	64.70550807016056
chr11	site	INDEL	30	0.1	61464	56116	91.29897175582455
chr11	site	INDEL	30	0.2	43026	40599	94.35922465485986
chr11	site	INDEL	40	0	79030	52615	66.57598380361888
chr11	site	INDEL	40	0.1	53810	49728	92.41404943319085
chr11	site	INDEL	40	0.2	38730	36777	94.95739736638265
chr11	site	OTHER	30	0	4865	2562	52.66187050359712
chr11	site	OTHER	30	0.1	2707	2274	84.00443295160694
chr11	site	OTHER	30	0.2	1858	1687	90.79655543595264
chr11	site	OTHER	40	0	3465	1883	54.343434343434346
chr11	site	OTHER	40	0.1	1961	1692	86.28250892401836
chr11	site	OTHER	40	0.2	1372	1267	92.34693877551021
chr11	allele	SNP	30	0	379705	230182	60.62127177677407
chr11	allele	SNP	30	0.1	242324	227875	94.03732193261914
chr11	allele	SNP	30	0.2	166479	160613	96.47643246295328
chr11	allele	SNP	40	0	356051	218378	61.333348312460856
chr11	allele	SNP	40	0.1	230083	217199	94.40028163749604
chr11	allele	SNP	40	0.2	158861	153541	96.65116044844235
chr11	allele	INDEL	30	0	204638	98403	48.08637691924276
chr11	allele	INDEL	30	0.1	87817	76807	87.4625641959985
chr11	allele	INDEL	30	0.2	52982	49347	93.13917934392812
chr11	allele	INDEL	40	0	162750	81010	49.775729646697386
chr11	allele	INDEL	40	0.1	74508	66199	88.84817737692597
chr11	allele	INDEL	40	0.2	46964	44076	93.85060897708884
chr11	allele	OTHER	30	0	6791	3419	50.3460462376675
chr11	allele	OTHER	30	0.1	3641	3000	82.39494644328481
chr11	allele	OTHER	30	0.2	2480	2218	89.43548387096774
chr11	allele	OTHER	40	0	4696	2449	52.15076660988075
chr11	allele	OTHER	40	0.1	2591	2198	84.8321111539946
chr11	allele	OTHER	40	0.2	1789	1634	91.33594186696479
chr12	site	SNP	30	0	222018	142858	64.34523326937456
chr12	site	SNP	30	0.1	150576	141534	93.9950589735416
chr12	site	SNP	30	0.2	110048	107440	97.63012503634778
chr12	site	SNP	40	0	202992	131073	64.57052494679593
chr12	site	SNP	40	0.1	138445	130433	94.21286431434866
chr12	site	SNP	40	0.2	101223	99003	97.8068225600901
chr12	site	INDEL	30	0	68854	47590	69.11726261364626
chr12	site	INDEL	30	0.1	48493	44153	91.0502546759326
chr12	site	INDEL	30	0.2	36476	34374	94.23730672222831
chr12	site	INDEL	40	0	54567	39097	71.64953176828486
chr12	site	INDEL	40	0.1	40319	37230	92.33859966765048
chr12	site	INDEL	40	0.2	31426	29862	95.023229173296
chr12	site	OTHER	30	0	4615	2553	55.31960996749729
chr12	site	OTHER	30	0.1	2750	2343	85.2
chr12	site	OTHER	30	0.2	2023	1866	92.23924864063272
chr12	site	OTHER	40	0	3290	1844	56.048632218844986
chr12	site	OTHER	40	0.1	1989	1719	86.42533936651584
chr12	site	OTHER	40	0.2	1488	1387	93.21236559139786
chr12	allele	SNP	30	0	223344	143520	64.25961745110682
chr12	allele	SNP	30	0.1	151237	142121	93.97237448507971
chr12	allele	SNP	30	0.2	110489	107862	97.62238774900669
chr12	allele	SNP	40	0	203951	131557	64.50421915067835
chr12	allele	SNP	40	0.1	138936	130872	94.19588875453447
chr12	allele	SNP	40	0.2	101560	99328	97.80228436392281
chr12	allele	INDEL	30	0	161436	81191	50.2929953665849
chr12	allele	INDEL	30	0.1	72764	63374	87.09526689022044
chr12	allele	INDEL	30	0.2	46579	43314	92.99040340067413
chr12	allele	INDEL	40	0	124573	64551	51.81780963772246
chr12	allele	INDEL	40	0.1	59231	52387	88.44523982374095
chr12	allele	INDEL	40	0.2	39775	37307	93.7950974230044
chr12	allele	OTHER	30	0	6174	3304	53.51473922902494
chr12	allele	OTHER	30	0.1	3548	2989	84.24464487034949
chr12	allele	OTHER	30	0.2	2569	2349	91.43635655897236
chr12	allele	OTHER	40	0	4289	2316	53.99860107251107
chr12	allele	OTHER	40	0.1	2500	2131	85.24
chr12	allele	OTHER	40	0.2	1841	1701	92.39543726235742
chr13	site	SNP	30	0	530475	330811	62.36127998491918
chr13	site	SNP	30	0.1	341867	328253	96.01774959267786
chr13	site	SNP	30	0.2	246430	245197	99.49965507446333
chr13	site	SNP	40	0	500280	314765	62.917766051011434
chr13	site	SNP	40	0.1	325147	313412	96.39086320956368
chr13	site	SNP	40	0.2	235680	234928	99.68092328581128
chr13	site	INDEL	30	0	124812	79765	63.908117809185015
chr13	site	INDEL	30	0.1	80474	74386	92.4348236697567
chr13	site	INDEL	30	0.2	58775	57412	97.68098681412165
chr13	site	INDEL	40	0	104568	68923	65.91213373116058
chr13	site	INDEL	40	0.1	70400	65751	93.39630681818181
chr13	site	INDEL	40	0.2	52801	51860	98.21783678339425
chr13	site	OTHER	30	0	6799	3475	51.11045742020885
chr13	site	OTHER	30	0.1	3654	3157	86.3984674329502
chr13	site	OTHER	30	0.2	2613	2465	94.33601224646
chr13	site	OTHER	40	0	4994	2560	51.26151381657989
chr13	site	OTHER	40	0.1	2697	2364	87.65294771968854
chr13	site	OTHER	40	0.2	1955	1861	95.1918158567775
chr13	allele	SNP	30	0	533284	332110	62.276385565664825
chr13	allele	SNP	30	0.1	343154	329431	96.0009208693473
chr13	allele	SNP	30	0.2	247274	246021	99.49327466696863
chr13	allele	SNP	40	0	502523	315812	62.84528270347825
chr13	allele	SNP	40	0.1	326184	314377	96.38026390012999
chr13	allele	SNP	40	0.2	236367	235605	99.67761997233116
chr13	allele	INDEL	30	0	279380	131999	47.247118619800986
chr13	allele	INDEL	30	0.1	117772	105175	89.30390924837822
chr13	allele	INDEL	30	0.2	75019	72710	96.92211306469028
chr13	allele	INDEL	40	0	220875	108033	48.91137521222411
chr13	allele	INDEL	40	0.1	99326	89957	90.56742444073052
chr13	allele	INDEL	40	0.2	66313	64715	97.59021609639136
chr13	allele	OTHER	30	0	9816	4849	49.398940505297475
chr13	allele	OTHER	30	0.1	5069	4331	85.44091536792267
chr13	allele	OTHER	30	0.2	3553	3330	93.72361384745285
chr13	allele	OTHER	40	0	6890	3453	50.11611030478955
chr13	allele	OTHER	40	0.1	3619	3157	87.23404255319149
chr13	allele	OTHER	40	0.2	2593	2460	94.87080601619745
chr14	site	SNP	30	0	471581	307594	65.22612234165499
chr14	site	SNP	30	0.1	332660	304778	91.61846930800216
chr14	site	SNP	30	0.2	224093	213286	95.17744864855216
chr14	site	SNP	40	0	440870	289713	65.71392927620387
chr14	site	SNP	40	0.1	313756	288151	91.8391998878109
chr14	site	SNP	40	0.2	211010	201020	95.2656272214587
chr14	site	INDEL	30	0	116761	80720	69.13267272462552
chr14	site	INDEL	30	0.1	83364	76219	91.42915407130177
chr14	site	INDEL	30	0.2	60665	57737	95.17349377730157
chr14	site	INDEL	40	0	97496	69280	71.05932551079019
chr14	site	INDEL	40	0.1	72428	66775	92.19500745568013
chr14	site	INDEL	40	0.2	53663	51240	95.48478467472933
chr14	site	OTHER	30	0	6240	3540	56.73076923076923
chr14	site	OTHER	30	0.1	3865	3236	83.72574385510997
chr14	site	OTHER	30	0.2	2798	2545	90.9578270192995
chr14	site	OTHER	40	0	4476	2568	57.37265415549598
chr14	site	OTHER	40	0.1	2807	2382	84.85928037050232
chr14	site	OTHER	40	0.2	2041	1880	92.11170994610485
chr14	allele	SNP	30	0	473955	308630	65.11799643426063
chr14	allele	SNP	30	0.1	333814	305711	91.58123985213322
chr14	allele	SNP	30	0.2	224816	213925	95.1555939079069
chr14	allele	SNP	40	0	442727	290480	65.61153939109202
chr14	allele	SNP	40	0.1	314639	288851	91.80394038882656
chr14	allele	SNP	40	0.2	211549	201493	95.24649135661241
chr14	allele	INDEL	30	0	248814	127732	51.336339595038865
chr14	allele	INDEL	30	0.1	117564	102829	87.46640127930318
chr14	allele	INDEL	30	0.2	75389	71015	94.19809255992253
chr14	allele	INDEL	40	0	197694	104676	52.94849616073326
chr14	allele	INDEL	40	0.1	99239	87715	88.3876298632594
chr14	allele	INDEL	40	0.2	65841	62267	94.57177138864841
chr14	allele	OTHER	30	0	8489	4614	54.35269171869478
chr14	allele	OTHER	30	0.1	5016	4163	82.99441786283892
chr14	allele	OTHER	30	0.2	3577	3239	90.55074084428291
chr14	allele	OTHER	40	0	5893	3279	55.64228745969795
chr14	allele	OTHER	40	0.1	3569	3012	84.39338750350238
chr14	allele	OTHER	40	0.2	2563	2353	91.80647678501755
chr15	site	SNP	30	0	421655	230858	54.75044764084382
chr15	site	SNP	30	0.1	274882	227132	82.62890985950335
chr15	site	SNP	30	0.2	199830	164004	82.07176099684732
chr15	site	SNP	40	0	385728	212404	55.06574581051933
chr15	site	SNP	40	0.1	254248	210739	82.88718102010635
chr15	site	SNP	40	0.2	186677	153066	81.99510384246587
chr15	site	INDEL	30	0	103467	61809	59.73788744237293
chr15	site	INDEL	30	0.1	68303	55902	81.84413568950119
chr15	site	INDEL	30	0.2	48838	40212	82.33752405913428
chr15	site	INDEL	40	0	84680	51717	61.07345299952763
chr15	site	INDEL	40	0.1	58548	48187	82.30340916854547
chr15	site	INDEL	40	0.2	43333	35625	82.21217086285279
chr15	site	OTHER	30	0	5246	2430	46.32100648112848
chr15	site	OTHER	30	0.1	2863	2122	74.11805798113866
chr15	site	OTHER	30	0.2	1929	1552	80.45619491964749
chr15	site	OTHER	40	0	3735	1759	47.095046854083
chr15	site	OTHER	40	0.1	2065	1571	76.0774818401937
chr15	site	OTHER	40	0.2	1400	1141	81.5
chr15	allele	SNP	30	0	424110	231739	54.641248732640115
chr15	allele	SNP	30	0.1	275906	227865	82.58791037527274
chr15	allele	SNP	30	0.2	200434	164490	82.06691479489508
chr15	allele	SNP	40	0	387513	213055	54.9800909904958
chr15	allele	SNP	40	0.1	255008	211297	82.85896913038022
chr15	allele	SNP	40	0.2	187129	153435	81.99423926809848
chr15	allele	INDEL	30	0	222869	98574	44.22956983698944
chr15	allele	INDEL	30	0.1	97462	76014	77.99347437975827
chr15	allele	INDEL	30	0.2	59970	48936	81.6008004002001
chr15	allele	INDEL	40	0	172610	78143	45.2714211227623
chr15	allele	INDEL	40	0.1	80559	63270	78.53871075857447
chr15	allele	INDEL	40	0.2	52296	42572	81.40584365917087
chr15	allele	OTHER	30	0	7415	3305	44.571813890761966
chr15	allele	OTHER	30	0.1	3913	2854	72.93636595962177
chr15	allele	OTHER	30	0.2	2618	2079	79.41176470588235
chr15	allele	OTHER	40	0	5067	2311	45.608841523583976
chr15	allele	OTHER	40	0.1	2753	2059	74.79113694151835
chr15	allele	OTHER	40	0.2	1854	1488	80.2588996763754
chr16	site	SNP	30	0	395656	218014	55.10190670683624
chr16	site	SNP	30	0.1	234064	216089	92.32047645088522
chr16	site	SNP	30	0.2	206722	195168	94.41085128820347
chr16	site	SNP	40	0	369568	204916	55.447441336912284
chr16	site	SNP	40	0.1	220152	203958	92.6441731167557
chr16	site	SNP	40	0.2	196734	185811	94.4478331147641
chr16	site	INDEL	30	0	96087	58781	61.17476869919968
chr16	site	INDEL	30	0.1	60817	54637	89.8383675617015
chr16	site	INDEL	30	0.2	49723	46583	93.68501498300586
chr16	site	INDEL	40	0	80111	50205	62.66929635131255
chr16	site	INDEL	40	0.1	52708	47807	90.70160127494877
chr16	site	INDEL	40	0.2	44777	42073	93.96118543001988
chr16	site	OTHER	30	0	5142	2508	48.77479579929988
chr16	site	OTHER	30	0.1	2757	2269	82.29960101559666
chr16	site	OTHER	30	0.2	2062	1878	91.07662463627545
chr16	site	OTHER	40	0	3757	1842	49.02848017034868
chr16	site	OTHER	40	0.1	2005	1682	83.89027431421447
chr16	site	OTHER	40	0.2	1549	1421	91.73660426081342
chr16	allele	SNP	30	0	397565	218728	55.016915472941534
chr16	allele	SNP	30	0.1	234811	216735	92.30189386357539
chr16	allele	SNP	30	0.2	207273	195684	94.40882314628533
chr16	allele	SNP	40	0	371036	205450	55.371985467717415
chr16	allele	SNP	40	0.1	220712	204456	92.63474573199464
chr16	allele	SNP	40	0.2	197161	186213	94.44717768727081
chr16	allele	INDEL	30	0	209555	95527	45.58564577318604
chr16	allele	INDEL	30	0.1	87079	75632	86.85446548536386
chr16	allele	INDEL	30	0.2	61187	57105	93.32864824227369
chr16	allele	INDEL	40	0	165849	77351	46.63941295998167
chr16	allele	INDEL	40	0.1	72679	63933	87.96626260680527
chr16	allele	INDEL	40	0.2	54262	50844	93.70093251262394
chr16	allele	OTHER	30	0	7250	3466	47.80689655172414
chr16	allele	OTHER	30	0.1	3743	3090	82.55410098851189
chr16	allele	OTHER	30	0.2	2789	2553	91.5381857296522
chr16	allele	OTHER	40	0	5061	2450	48.40940525587828
chr16	allele	OTHER	40	0.1	2625	2210	84.19047619047619
chr16	allele	OTHER	40	0.2	2023	1865	92.18981710331191
chr17	site	SNP	30	0	358890	232921	64.90038730530246
chr17	site	SNP	30	0.1	262098	224463	85.64086715655976
chr17	site	SNP	30	0.2	208419	183023	87.81493050057816
chr17	site	SNP	40	0	333908	217902	65.2580950441439
chr17	site	SNP	40	0.1	246143	211125	85.77331063649991
chr17	site	SNP	40	0.2	196833	172692	87.73528829007331
chr17	site	INDEL	30	0	96510	66635	69.04465858460263
chr17	site	INDEL	30	0.1	71118	60750	85.42141230068337
chr17	site	INDEL	30	0.2	55780	48846	87.56902115453568
chr17	site	INDEL	40	0	79095	56303	71.1840192173968
chr17	site	INDEL	40	0.1	61080	52706	86.29011132940406
chr17	site	INDEL	40	0.2	49437	43471	87.93211562190262
chr17	site	OTHER	30	0	5634	3009	53.40788072417465
chr17	site	OTHER	30	0.1	3523	2714	77.03661652001135
chr17	site	OTHER	30	0.2	2518	2110	83.79666401906275
chr17	site	OTHER	40	0	3990	2145	53.7593984962406
chr17	site	OTHER	40	0.1	2487	1949	78.367511057499
chr17	site	OTHER	40	0.2	1832	1547	84.44323144104804
chr17	allele	SNP	30	0	360670	233704	64.79718302048964
chr17	allele	SNP	30	0.1	263004	225134	85.60097945278399
chr17	allele	SNP	30	0.2	208996	183491	87.79641715630922
chr17	allele	SNP	40	0	335238	218484	65.17280260590984
chr17	allele	SNP	40	0.1	246822	211630	85.74195168988177
chr17	allele	SNP	40	0.2	197274	173048	87.71961839877531
chr17	allele	INDEL	30	0	219512	108485	49.42098837421189
chr17	allele	INDEL	30	0.1	103577	82795	79.93570001062012
chr17	allele	INDEL	30	0.2	69108	59178	85.63118596978642
chr17	allele	INDEL	40	0	171372	87612	51.123870877389535
chr17	allele	INDEL	40	0.1	86641	70018	80.81393335718656
chr17	allele	INDEL	40	0.2	60518	51989	85.90667239498993
chr17	allele	OTHER	30	0	7664	3921	51.16127348643006
chr17	allele	OTHER	30	0.1	4579	3489	76.19567591177113
chr17	allele	OTHER	30	0.2	3237	2696	83.28699413036763
chr17	allele	OTHER	40	0	5247	2741	52.23937488088431
chr17	allele	OTHER	40	0.1	3159	2470	78.18930041152264
chr17	allele	OTHER	40	0.2	2306	1951	84.60537727666956
chr18	site	SNP	30	0	366171	217470	59.39028486690645
chr18	site	SNP	30	0.1	246617	215743	87.48099279449511
chr18	site	SNP	30	0.2	193057	178167	92.28725195149619
chr18	site	SNP	40	0	344118	206150	59.90677616399026
chr18	site	SNP	40	0.1	233943	205257	87.73803875302958
chr18	site	SNP	40	0.2	184513	170524	92.41842038230368
chr18	site	INDEL	30	0	94533	61347	64.89479864174416
chr18	site	INDEL	30	0.1	65877	57291	86.96661960927183
chr18	site	INDEL	30	0.2	50362	46131	91.59882451054366
chr18	site	INDEL	40	0	78921	52593	66.64005777929829
chr18	site	INDEL	40	0.1	57439	50295	87.56245756367625
chr18	site	INDEL	40	0.2	45453	41777	91.91252502585088
chr18	site	OTHER	30	0	5333	2716	50.928183011438215
chr18	site	OTHER	30	0.1	3105	2461	79.25925925925925
chr18	site	OTHER	30	0.2	2249	1958	87.06091596265007
chr18	site	OTHER	40	0	3903	2034	52.113758647194466
chr18	site	OTHER	40	0.1	2323	1876	80.75764098148946
chr18	site	OTHER	40	0.2	1729	1525	88.20127241179873
chr18	allele	SNP	30	0	367994	218187	59.29091235183182
chr18	allele	SNP	30	0.1	247486	216405	87.44130981146408
chr18	allele	SNP	30	0.2	193661	178682	92.26535027703048
chr18	allele	SNP	40	0	345555	206704	59.817973983881004
chr18	allele	SNP	40	0.1	234622	205782	87.70788758087477
chr18	allele	SNP	40	0.2	184988	170929	92.40004757065323
chr18	allele	INDEL	30	0	213071	99750	46.81538078856344
chr18	allele	INDEL	30	0.1	95846	78655	82.06393589716838
chr18	allele	INDEL	30	0.2	63178	56673	89.70369432397354
chr18	allele	INDEL	40	0	168964	81472	48.218555431926326
chr18	allele	INDEL	40	0.1	81085	67125	82.78349879755812
chr18	allele	INDEL	40	0.2	56289	50680	90.0353532661799
chr18	allele	OTHER	30	0	7420	3640	49.056603773584904
chr18	allele	OTHER	30	0.1	4136	3238	78.28820116054159
chr18	allele	OTHER	30	0.2	2969	2566	86.42640619737286
chr18	allele	OTHER	40	0	5196	2623	50.48113933795227
chr18	allele	OTHER	40	0.1	2977	2385	80.11420893516963
chr18	allele	OTHER	40	0.2	2197	1929	87.80154756486118
chr19	site	SNP	30	0	216159	145643	67.37771732844804
chr19	site	SNP	30	0.1	152715	143503	93.9678486068821
chr19	site	SNP	30	0.2	110665	104762	94.6658835223422
chr19	site	SNP	40	0	202144	136717	67.63346921006807
chr19	site	SNP	40	0.1	143798	135467	94.20645627894686
chr19	site	SNP	40	0.2	104699	99211	94.75830714715518
chr19	site	INDEL	30	0	65177	46211	70.90077788176811
chr19	site	INDEL	30	0.1	46479	42483	91.40256890208481
chr19	site	INDEL	30	0.2	34196	31698	92.69505205287169
chr19	site	INDEL	40	0	52347	38293	73.1522341299406
chr19	site	INDEL	40	0.1	39157	36217	92.49176392471334
chr19	site	INDEL	40	0.2	29848	27833	93.24912891986062
chr19	site	OTHER	30	0	3658	2075	56.724986331328594
chr19	site	OTHER	30	0.1	2135	1835	85.94847775175644
chr19	site	OTHER	30	0.2	1510	1360	90.06622516556291
chr19	site	OTHER	40	0	2534	1452	57.30071033938437
chr19	site	OTHER	40	0.1	1498	1299	86.71562082777037
chr19	site	OTHER	40	0.2	1087	979	90.06439742410303
chr19	allele	SNP	30	0	217201	146153	67.28928504012413
chr19	allele	SNP	30	0.1	153232	143948	93.94121332358776
chr19	allele	SNP	30	0.2	110991	105062	94.65812543359371
chr19	allele	SNP	40	0	202903	137071	67.5549400452433
chr19	allele	SNP	40	0.1	144164	135782	94.18578840764685
chr19	allele	SNP	40	0.2	104929	99424	94.75359528824252
chr19	allele	INDEL	30	0	149106	76663	51.41510066663984
chr19	allele	INDEL	30	0.1	67707	59374	87.6925576380581
chr19	allele	INDEL	30	0.2	42455	39041	91.95854434106701
chr19	allele	INDEL	40	0	113315	60489	53.38128226624895
chr19	allele	INDEL	40	0.1	55125	49115	89.09750566893425
chr19	allele	INDEL	40	0.2	36499	33787	92.56965944272446
chr19	allele	OTHER	30	0	5079	2760	54.34140578854105
chr19	allele	OTHER	30	0.1	2862	2426	84.76589797344515
chr19	allele	OTHER	30	0.2	2022	1801	89.0702274975272
chr19	allele	OTHER	40	0	3382	1860	54.997043169722055
chr19	allele	OTHER	40	0.1	1942	1671	86.04531410916582
chr19	allele	OTHER	40	0.2	1403	1251	89.16607270135424
chr20	site	SNP	30	0	309287	175719	56.814221095616695
chr20	site	SNP	30	0.1	201605	173389	86.00431536916247
chr20	site	SNP	30	0.2	160960	138303	85.92383200795229
chr20	site	SNP	40	0	280871	159915	56.935390268130206
chr20	site	SNP	40	0.1	183612	158948	86.56732675424264
chr20	site	SNP	40	0.2	148188	127657	86.14530191378519
chr20	site	INDEL	30	0	77644	47609	61.317036731750036
chr20	site	INDEL	30	0.1	51079	43876	85.89831437577087
chr20	site	INDEL	30	0.2	38571	33191	86.05169687070597
chr20	site	INDEL	40	0	63562	40041	62.99518580283817
chr20	site	INDEL	40	0.1	43554	37892	87.00004592000735
chr20	site	INDEL	40	0.2	34022	29474	86.63217917817883
chr20	site	OTHER	30	0	4553	2231	49.00065890621568
chr20	site	OTHER	30	0.1	2562	2004	78.22014051522248
chr20	site	OTHER	30	0.2	1812	1490	82.22958057395144
chr20	site	OTHER	40	0	3390	1689	49.823008849557525
chr20	site	OTHER	40	0.1	1917	1532	79.91653625456442
chr20	site	OTHER	40	0.2	1381	1142	82.69370021723388
chr20	allele	SNP	30	0	311647	176554	56.65191707284203
chr20	allele	SNP	30	0.1	202622	174090	85.91860706142472
chr20	allele	SNP	30	0.2	161549	138738	85.87982593516519
chr20	allele	SNP	40	0	282524	160479	56.8019000155739
chr20	allele	SNP	40	0.1	184317	159443	86.50477167054585
chr20	allele	SNP	40	0.2	148618	127966	86.10397125516424
chr20	allele	INDEL	30	0	166194	75503	45.43064129872318
chr20	allele	INDEL	30	0.1	72562	59328	81.76180369890577
chr20	allele	INDEL	30	0.2	46820	39575	84.52584365655703
chr20	allele	INDEL	40	0	131165	61090	46.57492471314756
chr20	allele	INDEL	40	0.1	60363	50007	82.84379504000795
chr20	allele	INDEL	40	0.2	40812	34708	85.04361462315005
chr20	allele	OTHER	30	0	6214	2937	47.26424203411651
chr20	allele	OTHER	30	0.1	3331	2600	78.05463824677274
chr20	allele	OTHER	30	0.2	2349	1938	82.50319284802043
chr20	allele	OTHER	40	0	4431	2150	48.52177837959829
chr20	allele	OTHER	40	0.1	2415	1927	79.79296066252589
chr20	allele	OTHER	40	0.2	1733	1440	83.0929024812464
