primary_promoter_window_width_bp	primary_minimum_ATAC_overlap_bp	sensitivity_promoter_window_width_bp	sensitivity_minimum_ATAC_overlap_bp	rank_by_putative_loop_count	gene_id	gene_symbol	n_gained_putative_loops	n_5kb_putative_loops	n_10kb_putative_loops	n_25kb_putative_loops
2001	50	4001	50	1	ENSRNOG00000012826	Creb3l2	7	2	0	5
2001	50	4001	50	2	ENSRNOG00000059765	Asic1	6	0	4	2
2001	50	4001	50	2	ENSRNOG00000056580	En1	6	1	3	2
2001	50	4001	50	2	ENSRNOG00000015822	Klf13	6	3	2	1
2001	50	4001	50	5	ENSRNOG00000050257	AABR07003273.1	5	3	2	0
2001	50	4001	50	5	ENSRNOG00000051261	AABR07021536.1	5	0	2	3
2001	50	4001	50	5	ENSRNOG00000053181	Aqp6	5	0	4	1
2001	50	4001	50	5	ENSRNOG00000070419	ENSRNOG00000070419	5	0	0	5
2001	50	4001	50	5	ENSRNOG00000007782	Ghrh	5	3	2	0
2001	50	4001	50	5	ENSRNOG00000004535	Kcng3	5	0	3	2
2001	50	4001	50	5	ENSRNOG00000010058	Spry2	5	0	1	4
2001	50	4001	50	5	ENSRNOG00000017922	Tpbgl	5	3	0	2
2001	50	4001	50	5	ENSRNOG00000025937	Zfp26	5	2	3	0
2001	50	4001	50	14	ENSRNOG00000063448	Aqp6	4	0	3	1
2001	50	4001	50	14	ENSRNOG00000070574	Atp5mpl	4	4	0	0
2001	50	4001	50	14	ENSRNOG00000012362	Cacng3	4	1	2	1
2001	50	4001	50	14	ENSRNOG00000013481	Cdh11	4	0	2	2
2001	50	4001	50	14	ENSRNOG00000030914	Cimap2	4	2	1	1
2001	50	4001	50	14	ENSRNOG00000062562	ENSRNOG00000062562	4	0	4	0
2001	50	4001	50	14	ENSRNOG00000062626	ENSRNOG00000062626	4	1	2	1
2001	50	4001	50	14	ENSRNOG00000068442	ENSRNOG00000068442	4	1	3	0
2001	50	4001	50	14	ENSRNOG00000013090	Gadd45g	4	2	2	0
2001	50	4001	50	14	ENSRNOG00000015210	Ggt6	4	2	2	0
2001	50	4001	50	14	ENSRNOG00000046981	Gp1bb	4	2	2	0
2001	50	4001	50	14	ENSRNOG00000061160	Htra4	4	0	3	1
2001	50	4001	50	14	ENSRNOG00000012735	Kif24	4	2	2	0
2001	50	4001	50	14	ENSRNOG00000064370	LOC103690545	4	1	0	3
2001	50	4001	50	14	ENSRNOG00000013742	Large1	4	0	1	3
2001	50	4001	50	14	ENSRNOG00000016879	Ldlrad4	4	2	1	1
2001	50	4001	50	14	ENSRNOG00000005409	Lrrc9	4	1	3	0
2001	50	4001	50	14	ENSRNOG00000048978	Nphp3	4	2	2	0
2001	50	4001	50	14	ENSRNOG00000004616	Npm1	4	0	2	2
2001	50	4001	50	14	ENSRNOG00000020644	Nsg2	4	0	4	0
2001	50	4001	50	14	ENSRNOG00000013110	Nudt2	4	2	2	0
2001	50	4001	50	14	ENSRNOG00000032659	Plcl1	4	0	2	2
2001	50	4001	50	14	ENSRNOG00000060687	Slc24a3	4	2	1	1
2001	50	4001	50	14	ENSRNOG00000006104	Tg	4	2	2	0
2001	50	4001	50	14	ENSRNOG00000015829	Trpm1	4	2	1	1
2001	50	4001	50	39	ENSRNOG00000058011	AABR07018244.2	3	1	2	0
2001	50	4001	50	39	ENSRNOG00000012655	Adamts6	3	0	3	0
2001	50	4001	50	39	ENSRNOG00000039300	Ahcyl2	3	0	3	0
2001	50	4001	50	39	ENSRNOG00000025065	Airim	3	1	1	1
2001	50	4001	50	39	ENSRNOG00000000576	Anapc16	3	1	2	0
2001	50	4001	50	39	ENSRNOG00000060949	Anxa8	3	0	0	3
2001	50	4001	50	39	ENSRNOG00000056647	Ascc1	3	1	2	0
2001	50	4001	50	39	ENSRNOG00000000384	Atoh7	3	1	2	0
2001	50	4001	50	39	ENSRNOG00000006170	Bach2	3	0	3	0
2001	50	4001	50	39	ENSRNOG00000031431	Cdca8	3	1	1	1
2001	50	4001	50	39	ENSRNOG00000022261	Cenpu	3	2	1	0
2001	50	4001	50	39	ENSRNOG00000028805	Cfap77	3	1	2	0
2001	50	4001	50	39	ENSRNOG00000023007	Col6a6	3	0	0	3
2001	50	4001	50	39	ENSRNOG00000068738	ENSRNOG00000068738	3	1	0	2
2001	50	4001	50	39	ENSRNOG00000069708	ENSRNOG00000069708	3	0	0	3
2001	50	4001	50	39	ENSRNOG00000029038	Gemin8	3	0	3	0
2001	50	4001	50	39	ENSRNOG00000023528	Hrasls5	3	1	1	1
2001	50	4001	50	39	ENSRNOG00000001193	Hsf2bp	3	0	3	0
2001	50	4001	50	39	ENSRNOG00000012286	Il20ra	3	0	0	3
2001	50	4001	50	39	ENSRNOG00000016538	Itga8	3	0	1	2
2001	50	4001	50	39	ENSRNOG00000008170	Jph2	3	1	2	0
2001	50	4001	50	39	ENSRNOG00000043426	Kyat3	3	2	1	0
2001	50	4001	50	39	ENSRNOG00000024616	LOC100362783	3	0	1	2
2001	50	4001	50	39	ENSRNOG00000035975	LOC120097639	3	1	2	0
2001	50	4001	50	39	ENSRNOG00000066256	LOC120098017	3	1	2	0
2001	50	4001	50	39	ENSRNOG00000052457	LOC120098053	3	1	2	0
2001	50	4001	50	39	ENSRNOG00000052892	LOC120101284	3	3	0	0
2001	50	4001	50	39	ENSRNOG00000058657	LOC120103256	3	0	0	3
2001	50	4001	50	39	ENSRNOG00000003614	Mgat5	3	0	0	3
2001	50	4001	50	39	ENSRNOG00000061510	Pom121l2	3	3	0	0
2001	50	4001	50	39	ENSRNOG00000012022	Pou2af2	3	0	2	1
2001	50	4001	50	39	ENSRNOG00000029865	Prss56	3	1	1	1
2001	50	4001	50	39	ENSRNOG00000008245	Ptgis	3	0	3	0
2001	50	4001	50	39	ENSRNOG00000048297	Qki	3	0	3	0
2001	50	4001	50	39	ENSRNOG00000024501	Rgs3	3	1	2	0
2001	50	4001	50	39	ENSRNOG00000014575	Rtca	3	0	0	3
2001	50	4001	50	39	ENSRNOG00000015049	Scn5a	3	2	1	0
2001	50	4001	50	39	ENSRNOG00000010358	Sh3rf1	3	0	0	3
2001	50	4001	50	39	ENSRNOG00000050805	Spacdr	3	0	1	2
2001	50	4001	50	39	ENSRNOG00000014079	Stat1	3	2	1	0
2001	50	4001	50	39	ENSRNOG00000010685	Tbx18	3	0	2	1
2001	50	4001	50	39	ENSRNOG00000046566	Tub	3	2	1	0
2001	50	4001	50	39	ENSRNOG00000004137	Ubtd2	3	1	1	1
2001	50	4001	50	39	ENSRNOG00000005447	Ypel2	3	3	0	0
2001	50	4001	50	83	ENSRNOG00000037485	2200002J24Rikl	2	0	0	2
2001	50	4001	50	83	ENSRNOG00000046333	AABR07007032.1	2	0	1	1
2001	50	4001	50	83	ENSRNOG00000055038	AABR07013302	2	0	1	1
2001	50	4001	50	83	ENSRNOG00000056222	AABR07021636.1	2	0	2	0
2001	50	4001	50	83	ENSRNOG00000033625	AABR07027015	2	2	0	0
2001	50	4001	50	83	ENSRNOG00000033603	AABR07034315.1	2	1	1	0
2001	50	4001	50	83	ENSRNOG00000033226	AABR07043557.1	2	2	0	0
2001	50	4001	50	83	ENSRNOG00000029837	AABR07056636	2	0	0	2
2001	50	4001	50	83	ENSRNOG00000029450	AABR07058422.1	2	0	1	1
2001	50	4001	50	83	ENSRNOG00000033748	AABR07060610.1	2	1	1	0
2001	50	4001	50	83	ENSRNOG00000058352	AABR07065699	2	0	1	1
2001	50	4001	50	83	ENSRNOG00000046836	AC133403.1	2	1	1	0
2001	50	4001	50	83	ENSRNOG00000046724	AC141526	2	0	0	2
2001	50	4001	50	83	ENSRNOG00000056837	Abr	2	1	0	1
2001	50	4001	50	83	ENSRNOG00000004342	Ahr	2	1	1	0
2001	50	4001	50	83	ENSRNOG00000020423	Apc	2	0	1	1
2001	50	4001	50	83	ENSRNOG00000007446	Apip	2	0	2	0
2001	50	4001	50	83	ENSRNOG00000013059	Aste1	2	0	0	2
2001	50	4001	50	83	ENSRNOG00000001714	Atp13a4	2	0	0	2
2001	50	4001	50	83	ENSRNOG00000007152	Bhlhe40	2	1	1	0
2001	50	4001	50	83	ENSRNOG00000005592	Brinp2	2	1	1	0
2001	50	4001	50	83	ENSRNOG00000002191	C14h4orf19	2	0	2	0
2001	50	4001	50	83	ENSRNOG00000001173	Cabp1	2	1	1	0
2001	50	4001	50	83	ENSRNOG00000054277	Capsl	2	0	1	1
2001	50	4001	50	83	ENSRNOG00000001701	Cbr3	2	0	2	0
2001	50	4001	50	83	ENSRNOG00000059500	Cdkn1c	2	1	1	0
2001	50	4001	50	83	ENSRNOG00000024494	Cfap54	2	0	0	2
2001	50	4001	50	83	ENSRNOG00000001691	Cldn14	2	0	2	0
2001	50	4001	50	83	ENSRNOG00000017496	Cnp	2	1	1	0
2001	50	4001	50	83	ENSRNOG00000033618	Col28a1	2	0	0	2
2001	50	4001	50	83	ENSRNOG00000017012	Coq7	2	0	0	2
2001	50	4001	50	83	ENSRNOG00000014656	Cox8b	2	0	1	1
2001	50	4001	50	83	ENSRNOG00000000522	Cpne5	2	0	2	0
2001	50	4001	50	83	ENSRNOG00000056582	Cpsf4l	2	1	1	0
2001	50	4001	50	83	ENSRNOG00000047673	Crybb3	2	0	1	1
2001	50	4001	50	83	ENSRNOG00000006557	Cyfip2	2	0	1	1
2001	50	4001	50	83	ENSRNOG00000015076	Cyp26b1	2	1	1	0
2001	50	4001	50	83	ENSRNOG00000030408	Dnajb12	2	0	2	0
2001	50	4001	50	83	ENSRNOG00000009700	Dync1i1	2	0	1	1
2001	50	4001	50	83	ENSRNOG00000062722	ENSRNOG00000062722	2	1	0	1
2001	50	4001	50	83	ENSRNOG00000062762	ENSRNOG00000062762	2	0	1	1
2001	50	4001	50	83	ENSRNOG00000064082	ENSRNOG00000064082	2	2	0	0
2001	50	4001	50	83	ENSRNOG00000064182	ENSRNOG00000064182	2	2	0	0
2001	50	4001	50	83	ENSRNOG00000064247	ENSRNOG00000064247	2	0	2	0
2001	50	4001	50	83	ENSRNOG00000065455	ENSRNOG00000065455	2	2	0	0
2001	50	4001	50	83	ENSRNOG00000065807	ENSRNOG00000065807	2	2	0	0
2001	50	4001	50	83	ENSRNOG00000066092	ENSRNOG00000066092	2	2	0	0
2001	50	4001	50	83	ENSRNOG00000066295	ENSRNOG00000066295	2	0	0	2
2001	50	4001	50	83	ENSRNOG00000066379	ENSRNOG00000066379	2	2	0	0
2001	50	4001	50	83	ENSRNOG00000067556	ENSRNOG00000067556	2	1	1	0
2001	50	4001	50	83	ENSRNOG00000068406	ENSRNOG00000068406	2	2	0	0
2001	50	4001	50	83	ENSRNOG00000068951	ENSRNOG00000068951	2	1	1	0
2001	50	4001	50	83	ENSRNOG00000069506	ENSRNOG00000069506	2	2	0	0
2001	50	4001	50	83	ENSRNOG00000070851	ENSRNOG00000070851	2	1	1	0
2001	50	4001	50	83	ENSRNOG00000042140	Eomes	2	0	1	1
2001	50	4001	50	83	ENSRNOG00000013213	Epha4	2	0	2	0
2001	50	4001	50	83	ENSRNOG00000014673	Eri2	2	1	1	0
2001	50	4001	50	83	ENSRNOG00000005984	Etv6	2	0	0	2
2001	50	4001	50	83	ENSRNOG00000022751	Fam205c	2	2	0	0
2001	50	4001	50	83	ENSRNOG00000017684	Fbxl22	2	0	0	2
2001	50	4001	50	83	ENSRNOG00000004395	Fbxw11	2	0	1	1
2001	50	4001	50	83	ENSRNOG00000048389	Fgf18	2	0	0	2
2001	50	4001	50	83	ENSRNOG00000055567	Fmnl2	2	0	0	2
2001	50	4001	50	83	ENSRNOG00000053448	G6pc1	2	1	1	0
2001	50	4001	50	83	ENSRNOG00000065138	Gm6569	2	0	1	1
2001	50	4001	50	83	ENSRNOG00000036834	Gpr84	2	1	0	1
2001	50	4001	50	83	ENSRNOG00000006593	Grpel1	2	1	1	0
2001	50	4001	50	83	ENSRNOG00000004502	Hal	2	1	0	1
2001	50	4001	50	83	ENSRNOG00000024266	Haus5	2	0	0	2
2001	50	4001	50	83	ENSRNOG00000018132	Hmgxb3	2	0	2	0
2001	50	4001	50	83	ENSRNOG00000068537	Hs3st1	2	0	2	0
2001	50	4001	50	83	ENSRNOG00000014672	Hs3st6	2	1	1	0
2001	50	4001	50	83	ENSRNOG00000006920	Htr3b	2	0	2	0
2001	50	4001	50	83	ENSRNOG00000030800	Igdcc3	2	2	0	0
2001	50	4001	50	83	ENSRNOG00000023851	Igsf3	2	1	1	0
2001	50	4001	50	83	ENSRNOG00000007104	Itpr1	2	0	0	2
2001	50	4001	50	83	ENSRNOG00000019894	Izumo1r	2	0	2	0
2001	50	4001	50	83	ENSRNOG00000014152	Kcnip3	2	1	1	0
2001	50	4001	50	83	ENSRNOG00000029441	Klhl2	2	0	1	1
2001	50	4001	50	83	ENSRNOG00000055586	LOC100910650	2	0	0	2
2001	50	4001	50	83	ENSRNOG00000058055	LOC102550081	2	1	1	0
2001	50	4001	50	83	ENSRNOG00000067306	LOC102550600	2	2	0	0
2001	50	4001	50	83	ENSRNOG00000051419	LOC103692048	2	0	1	1
2001	50	4001	50	83	ENSRNOG00000051647	LOC120094486	2	0	1	1
2001	50	4001	50	83	ENSRNOG00000064005	LOC120096874	2	1	1	0
2001	50	4001	50	83	ENSRNOG00000067533	LOC120097587	2	0	1	1
2001	50	4001	50	83	ENSRNOG00000062432	LOC120098019	2	2	0	0
2001	50	4001	50	83	ENSRNOG00000054822	LOC120098044	2	0	0	2
2001	50	4001	50	83	ENSRNOG00000061360	LOC120099037	2	1	1	0
2001	50	4001	50	83	ENSRNOG00000057140	LOC120100172	2	1	1	0
2001	50	4001	50	83	ENSRNOG00000063681	LOC120100216	2	0	2	0
2001	50	4001	50	83	ENSRNOG00000054785	LOC120100498	2	0	1	1
2001	50	4001	50	83	ENSRNOG00000055556	LOC120101356	2	0	0	2
2001	50	4001	50	83	ENSRNOG00000054789	LOC120102022	2	2	0	0
2001	50	4001	50	83	ENSRNOG00000053237	LOC120102672	2	0	1	1
2001	50	4001	50	83	ENSRNOG00000067185	LOC120103364	2	1	1	0
2001	50	4001	50	83	ENSRNOG00000031247	Lekr1	2	0	2	0
2001	50	4001	50	83	ENSRNOG00000026585	Lrrc66	2	1	1	0
2001	50	4001	50	83	ENSRNOG00000016047	Macf1	2	1	1	0
2001	50	4001	50	83	ENSRNOG00000021174	Macrod1	2	2	0	0
2001	50	4001	50	83	ENSRNOG00000007271	Map3k9	2	0	2	0
2001	50	4001	50	83	ENSRNOG00000008961	Mapre3	2	0	2	0
2001	50	4001	50	83	ENSRNOG00000059202	Mia3	2	1	1	0
2001	50	4001	50	83	ENSRNOG00000061337	Mindy2	2	0	2	0
2001	50	4001	50	83	ENSRNOG00000021579	Mpp6	2	1	0	1
2001	50	4001	50	83	ENSRNOG00000032827	Mroh5	2	0	1	1
2001	50	4001	50	83	ENSRNOG00000004401	Mrpl13	2	1	0	1
2001	50	4001	50	83	ENSRNOG00000021294	Mstn	2	0	2	0
2001	50	4001	50	83	ENSRNOG00000004412	Mtbp	2	1	0	1
2001	50	4001	50	83	ENSRNOG00000015033	Mxd4	2	1	1	0
2001	50	4001	50	83	ENSRNOG00000018858	Myct1	2	0	2	0
2001	50	4001	50	83	ENSRNOG00000031890	Ncam1	2	1	0	1
2001	50	4001	50	83	ENSRNOG00000013658	Nefl	2	0	1	1
2001	50	4001	50	83	ENSRNOG00000042432	Nek11	2	0	0	2
2001	50	4001	50	83	ENSRNOG00000017820	Nqo2	2	0	2	0
2001	50	4001	50	83	ENSRNOG00000050690	Nr2e3	2	0	0	2
2001	50	4001	50	83	ENSRNOG00000005185	Nxph3	2	0	1	1
2001	50	4001	50	83	ENSRNOG00000030316	Otogl	2	0	0	2
2001	50	4001	50	83	ENSRNOG00000042195	Pabpn1	2	1	1	0
2001	50	4001	50	83	ENSRNOG00000033527	Pappa	2	0	1	1
2001	50	4001	50	83	ENSRNOG00000042536	Pde4d	2	0	0	2
2001	50	4001	50	83	ENSRNOG00000006947	Pdhx	2	0	2	0
2001	50	4001	50	83	ENSRNOG00000013972	Pef1	2	0	0	2
2001	50	4001	50	83	ENSRNOG00000016878	Plppr5	2	0	2	0
2001	50	4001	50	83	ENSRNOG00000001199	Pop5	2	1	1	0
2001	50	4001	50	83	ENSRNOG00000004978	Prkacb	2	0	0	2
2001	50	4001	50	83	ENSRNOG00000013884	Psd3	2	2	0	0
2001	50	4001	50	83	ENSRNOG00000014097	Psmd7	2	0	1	1
2001	50	4001	50	83	ENSRNOG00000039265	Psmg4	2	0	2	0
2001	50	4001	50	83	ENSRNOG00000016777	R3hcc1	2	1	1	0
2001	50	4001	50	83	ENSRNOG00000014513	Rexo5	2	1	1	0
2001	50	4001	50	83	ENSRNOG00000002773	Rgs4	2	0	2	0
2001	50	4001	50	83	ENSRNOG00000004201	Rims2	2	0	0	2
2001	50	4001	50	83	ENSRNOG00000062474	Rpl21l2	2	0	1	1
2001	50	4001	50	83	ENSRNOG00000023385	Rpl37a	2	0	1	1
2001	50	4001	50	83	ENSRNOG00000063418	Rpl37a	2	0	1	1
2001	50	4001	50	83	ENSRNOG00000003121	Rtn4rl1	2	2	0	0
2001	50	4001	50	83	ENSRNOG00000061622	Scarna16	2	1	0	1
2001	50	4001	50	83	ENSRNOG00000022229	Sdad1	2	0	2	0
2001	50	4001	50	83	ENSRNOG00000053086	Selenop	2	0	2	0
2001	50	4001	50	83	ENSRNOG00000019776	Sh3gl3	2	1	1	0
2001	50	4001	50	83	ENSRNOG00000031266	Siae	2	1	1	0
2001	50	4001	50	83	ENSRNOG00000018824	Slc7a5	2	2	0	0
2001	50	4001	50	83	ENSRNOG00000026065	Slit1	2	1	1	0
2001	50	4001	50	83	ENSRNOG00000007377	Slit3	2	1	0	1
2001	50	4001	50	83	ENSRNOG00000055640	Snord65	2	0	2	0
2001	50	4001	50	83	ENSRNOG00000010971	Snx18	2	0	2	0
2001	50	4001	50	83	ENSRNOG00000016213	Ssbp2	2	1	1	0
2001	50	4001	50	83	ENSRNOG00000027447	Stam2	2	0	2	0
2001	50	4001	50	83	ENSRNOG00000016145	Strn4	2	2	0	0
2001	50	4001	50	83	ENSRNOG00000007404	Svbp	2	0	2	0
2001	50	4001	50	83	ENSRNOG00000014867	Synpo2	2	0	2	0
2001	50	4001	50	83	ENSRNOG00000004404	Tac4	2	0	1	1
2001	50	4001	50	83	ENSRNOG00000012405	Tcf4	2	1	1	0
2001	50	4001	50	83	ENSRNOG00000011614	Tmcc1	2	0	0	2
2001	50	4001	50	83	ENSRNOG00000010813	Tspan14	2	2	0	0
2001	50	4001	50	83	ENSRNOG00000017085	Tubgcp3	2	0	1	1
2001	50	4001	50	83	ENSRNOG00000005122	Uvssa	2	0	0	2
2001	50	4001	50	83	ENSRNOG00000003039	Wnt3a	2	1	1	0
2001	50	4001	50	83	ENSRNOG00000048782	Wnt7a	2	0	2	0
2001	50	4001	50	83	ENSRNOG00000008195	Ywhaz	2	0	2	0
2001	50	4001	50	244	ENSRNOG00000060840	AABR07005031.3	1	0	1	0
2001	50	4001	50	244	ENSRNOG00000053536	AABR07006871.1	1	0	1	0
2001	50	4001	50	244	ENSRNOG00000056151	AABR07007642.1	1	0	1	0
2001	50	4001	50	244	ENSRNOG00000018045	AABR07007730.1	1	1	0	0
2001	50	4001	50	244	ENSRNOG00000052764	AABR07016779	1	0	1	0
2001	50	4001	50	244	ENSRNOG00000051166	AABR07021503.1	1	0	0	1
2001	50	4001	50	244	ENSRNOG00000048704	AABR07032392	1	0	0	1
2001	50	4001	50	244	ENSRNOG00000003025	AABR07039336.2	1	0	0	1
2001	50	4001	50	244	ENSRNOG00000022251	AABR07039336.3	1	0	0	1
2001	50	4001	50	244	ENSRNOG00000033581	AABR07044388.2	1	1	0	0
2001	50	4001	50	244	ENSRNOG00000062174	AABR07047316.1	1	0	1	0
2001	50	4001	50	244	ENSRNOG00000031034	AABR07053734	1	0	1	0
2001	50	4001	50	244	ENSRNOG00000029926	AABR07056668	1	0	0	1
2001	50	4001	50	244	ENSRNOG00000059955	AABR07058406	1	1	0	0
2001	50	4001	50	244	ENSRNOG00000059964	AABR07061825.2	1	1	0	0
2001	50	4001	50	244	ENSRNOG00000046896	AABR07064392.1	1	0	1	0
2001	50	4001	50	244	ENSRNOG00000038735	AABR07064702.1	1	0	0	1
2001	50	4001	50	244	ENSRNOG00000050118	AABR07065750	1	0	0	1
2001	50	4001	50	244	ENSRNOG00000047581	AABR07066700	1	1	0	0
2001	50	4001	50	244	ENSRNOG00000053030	AABR07068274.1	1	0	0	1
2001	50	4001	50	244	ENSRNOG00000037673	AABR07071891	1	1	0	0
2001	50	4001	50	244	ENSRNOG00000058506	AC095078.1	1	1	0	0
2001	50	4001	50	244	ENSRNOG00000053768	AC105804.1	1	0	0	1
2001	50	4001	50	244	ENSRNOG00000058154	AC118094.1	1	0	0	1
2001	50	4001	50	244	ENSRNOG00000061945	AC126482.2	1	0	1	0
2001	50	4001	50	244	ENSRNOG00000025808	Aars2	1	1	0	0
2001	50	4001	50	244	ENSRNOG00000054334	Abhd10	1	0	1	0
2001	50	4001	50	244	ENSRNOG00000003550	Acbd6	1	0	0	1
2001	50	4001	50	244	ENSRNOG00000017786	Acta1	1	1	0	0
2001	50	4001	50	244	ENSRNOG00000005033	Acvr1	1	0	0	1
2001	50	4001	50	244	ENSRNOG00000002889	Afp	1	0	1	0
2001	50	4001	50	244	ENSRNOG00000018569	Ahcyl1	1	1	0	0
2001	50	4001	50	244	ENSRNOG00000042855	Ahdc1	1	1	0	0
2001	50	4001	50	244	ENSRNOG00000017878	Aldh1a7	1	0	0	1
2001	50	4001	50	244	ENSRNOG00000021678	Alkbh3	1	1	0	0
2001	50	4001	50	244	ENSRNOG00000010960	Ankh	1	0	1	0
2001	50	4001	50	244	ENSRNOG00000045669	Ankrd40cl	1	1	0	0
2001	50	4001	50	244	ENSRNOG00000070627	Ankrd60	1	0	1	0
2001	50	4001	50	244	ENSRNOG00000008056	Ankrd9	1	0	1	0
2001	50	4001	50	244	ENSRNOG00000010533	Arfip1	1	0	1	0
2001	50	4001	50	244	ENSRNOG00000024728	Arhgap22	1	0	1	0
2001	50	4001	50	244	ENSRNOG00000022771	Arhgap23	1	1	0	0
2001	50	4001	50	244	ENSRNOG00000013920	Arhgap26	1	0	1	0
2001	50	4001	50	244	ENSRNOG00000000635	Arid5b	1	0	0	1
2001	50	4001	50	244	ENSRNOG00000049827	Arl14	1	0	1	0
2001	50	4001	50	244	ENSRNOG00000011105	Arl15	1	0	1	0
2001	50	4001	50	244	ENSRNOG00000068448	Arl15	1	0	1	0
2001	50	4001	50	244	ENSRNOG00000042691	Armc7	1	0	0	1
2001	50	4001	50	244	ENSRNOG00000012843	Aspg	1	0	0	1
2001	50	4001	50	244	ENSRNOG00000055010	Axin2	1	0	0	1
2001	50	4001	50	244	ENSRNOG00000005333	Azin1	1	0	1	0
2001	50	4001	50	244	ENSRNOG00000002462	B9d1	1	1	0	0
2001	50	4001	50	244	ENSRNOG00000004697	Baalc	1	1	0	0
2001	50	4001	50	244	ENSRNOG00000008277	Bag1	1	0	1	0
2001	50	4001	50	244	ENSRNOG00000002117	Barhl2	1	0	0	1
2001	50	4001	50	244	ENSRNOG00000012906	Bcas1	1	1	0	0
2001	50	4001	50	244	ENSRNOG00000067693	Bcl2	1	1	0	0
2001	50	4001	50	244	ENSRNOG00000016551	Bcl2l11	1	1	0	0
2001	50	4001	50	244	ENSRNOG00000017516	Bcl9	1	1	0	0
2001	50	4001	50	244	ENSRNOG00000058050	Bclaf1	1	0	0	1
2001	50	4001	50	244	ENSRNOG00000021745	Bhlhe22	1	1	0	0
2001	50	4001	50	244	ENSRNOG00000054224	Bloc1s4	1	1	0	0
2001	50	4001	50	244	ENSRNOG00000026942	Brd10	1	0	0	1
2001	50	4001	50	244	ENSRNOG00000012739	Brf2	1	0	1	0
2001	50	4001	50	244	ENSRNOG00000070558	C15h13orf42	1	0	0	1
2001	50	4001	50	244	ENSRNOG00000008351	C15h8orf58	1	1	0	0
2001	50	4001	50	244	ENSRNOG00000069579	C1qtnf4	1	0	1	0
2001	50	4001	50	244	ENSRNOG00000038738	C9h2orf88	1	0	1	0
2001	50	4001	50	244	ENSRNOG00000026086	Calhm3	1	0	1	0
2001	50	4001	50	244	ENSRNOG00000008609	Capn3	1	0	0	1
2001	50	4001	50	244	ENSRNOG00000014723	Cbfa2t3	1	0	0	1
2001	50	4001	50	244	ENSRNOG00000021001	Cblif	1	0	0	1
2001	50	4001	50	244	ENSRNOG00000063043	Cbx4	1	1	0	0
2001	50	4001	50	244	ENSRNOG00000000531	Ccdc167	1	0	1	0
2001	50	4001	50	244	ENSRNOG00000068717	Ccdc167	1	0	1	0
2001	50	4001	50	244	ENSRNOG00000033973	Ccdc177	1	0	1	0
2001	50	4001	50	244	ENSRNOG00000062766	Ccdc198	1	0	0	1
2001	50	4001	50	244	ENSRNOG00000002514	Ccdc93	1	1	0	0
2001	50	4001	50	244	ENSRNOG00000034290	Ccl21	1	0	1	0
2001	50	4001	50	244	ENSRNOG00000060825	Ccm2	1	0	1	0
2001	50	4001	50	244	ENSRNOG00000020837	Cd300lg	1	0	1	0
2001	50	4001	50	244	ENSRNOG00000024241	Cdc23	1	0	1	0
2001	50	4001	50	244	ENSRNOG00000009771	Cdh10	1	0	1	0
2001	50	4001	50	244	ENSRNOG00000048747	Cdk5rap3	1	1	0	0
2001	50	4001	50	244	ENSRNOG00000022586	Cdk9	1	0	0	1
2001	50	4001	50	244	ENSRNOG00000008956	Cdkn2c	1	0	0	1
2001	50	4001	50	244	ENSRNOG00000019340	Cep250	1	0	1	0
2001	50	4001	50	244	ENSRNOG00000055093	Cep43	1	1	0	0
2001	50	4001	50	244	ENSRNOG00000012034	Ces2a	1	1	0	0
2001	50	4001	50	244	ENSRNOG00000052549	Chga	1	0	0	1
2001	50	4001	50	244	ENSRNOG00000008672	Chmp5	1	0	1	0
2001	50	4001	50	244	ENSRNOG00000004014	Chmp6	1	0	1	0
2001	50	4001	50	244	ENSRNOG00000009411	Chn2	1	0	0	1
2001	50	4001	50	244	ENSRNOG00000019527	Chrnd	1	0	0	1
2001	50	4001	50	244	ENSRNOG00000012698	Chsy1	1	1	0	0
2001	50	4001	50	244	ENSRNOG00000009897	Clcnkb	1	0	1	0
2001	50	4001	50	244	ENSRNOG00000065155	Clec20a	1	0	0	1
2001	50	4001	50	244	ENSRNOG00000021611	Clip2	1	1	0	0
2001	50	4001	50	244	ENSRNOG00000053239	Clmp	1	0	0	1
2001	50	4001	50	244	ENSRNOG00000010239	Cnbp	1	0	1	0
2001	50	4001	50	244	ENSRNOG00000051950	Cnga3	1	0	0	1
2001	50	4001	50	244	ENSRNOG00000017609	Cnga4	1	0	1	0
2001	50	4001	50	244	ENSRNOG00000011231	Cntnap4	1	1	0	0
2001	50	4001	50	244	ENSRNOG00000002302	Corin	1	0	1	0
2001	50	4001	50	244	ENSRNOG00000007827	Cox4i2	1	0	1	0
2001	50	4001	50	244	ENSRNOG00000001170	Cox6a1	1	0	1	0
2001	50	4001	50	244	ENSRNOG00000000105	Cplx2	1	0	1	0
2001	50	4001	50	244	ENSRNOG00000023633	Crabp1	1	0	0	1
2001	50	4001	50	244	ENSRNOG00000025498	Crb2	1	0	0	1
2001	50	4001	50	244	ENSRNOG00000008721	Crnn	1	0	1	0
2001	50	4001	50	244	ENSRNOG00000047175	Cryaa	1	1	0	0
2001	50	4001	50	244	ENSRNOG00000050023	Crybb2	1	0	0	1
2001	50	4001	50	244	ENSRNOG00000005545	Cst5	1	0	0	1
2001	50	4001	50	244	ENSRNOG00000056845	Ct47b1	1	0	0	1
2001	50	4001	50	244	ENSRNOG00000017326	Ctbp2	1	0	0	1
2001	50	4001	50	244	ENSRNOG00000013589	Cxcl12	1	1	0	0
2001	50	4001	50	244	ENSRNOG00000018775	Cystm1	1	0	0	1
2001	50	4001	50	244	ENSRNOG00000055226	Dab2ip	1	0	1	0
2001	50	4001	50	244	ENSRNOG00000046889	Dbi	1	0	1	0
2001	50	4001	50	244	ENSRNOG00000015274	Ddx20	1	1	0	0
2001	50	4001	50	244	ENSRNOG00000038157	Defb13	1	0	1	0
2001	50	4001	50	244	ENSRNOG00000003601	Degs1l2	1	0	1	0
2001	50	4001	50	244	ENSRNOG00000001106	Denr	1	1	0	0
2001	50	4001	50	244	ENSRNOG00000023465	Depp1	1	0	0	1
2001	50	4001	50	244	ENSRNOG00000002635	Dexi	1	0	1	0
2001	50	4001	50	244	ENSRNOG00000001796	Dgkg	1	0	0	1
2001	50	4001	50	244	ENSRNOG00000025648	Dhrs7l1	1	0	1	0
2001	50	4001	50	244	ENSRNOG00000004549	Dhx40	1	0	1	0
2001	50	4001	50	244	ENSRNOG00000018247	Dhx58	1	0	1	0
2001	50	4001	50	244	ENSRNOG00000004789	Diexf	1	0	0	1
2001	50	4001	50	244	ENSRNOG00000019407	Dmap1	1	0	1	0
2001	50	4001	50	244	ENSRNOG00000016284	Dmrt3	1	0	0	1
2001	50	4001	50	244	ENSRNOG00000012851	Dnajc5b	1	0	0	1
2001	50	4001	50	244	ENSRNOG00000064796	Dnmt3c	1	0	1	0
2001	50	4001	50	244	ENSRNOG00000015894	Dock8	1	0	1	0
2001	50	4001	50	244	ENSRNOG00000011969	Dock9	1	0	1	0
2001	50	4001	50	244	ENSRNOG00000020045	Drgx	1	0	0	1
2001	50	4001	50	244	ENSRNOG00000017395	Duox2	1	0	0	1
2001	50	4001	50	244	ENSRNOG00000017805	Duoxa2	1	0	0	1
2001	50	4001	50	244	ENSRNOG00000007221	Dut	1	0	0	1
2001	50	4001	50	244	ENSRNOG00000029273	E2f3	1	0	1	0
2001	50	4001	50	244	ENSRNOG00000032693	ENSRNOG00000032693	1	1	0	0
2001	50	4001	50	244	ENSRNOG00000062597	ENSRNOG00000062597	1	0	1	0
2001	50	4001	50	244	ENSRNOG00000062802	ENSRNOG00000062802	1	0	0	1
2001	50	4001	50	244	ENSRNOG00000062837	ENSRNOG00000062837	1	0	0	1
2001	50	4001	50	244	ENSRNOG00000062863	ENSRNOG00000062863	1	0	1	0
2001	50	4001	50	244	ENSRNOG00000063028	ENSRNOG00000063028	1	0	0	1
2001	50	4001	50	244	ENSRNOG00000063363	ENSRNOG00000063363	1	0	0	1
2001	50	4001	50	244	ENSRNOG00000063463	ENSRNOG00000063463	1	0	1	0
2001	50	4001	50	244	ENSRNOG00000063703	ENSRNOG00000063703	1	0	1	0
2001	50	4001	50	244	ENSRNOG00000064050	ENSRNOG00000064050	1	1	0	0
2001	50	4001	50	244	ENSRNOG00000064094	ENSRNOG00000064094	1	0	0	1
2001	50	4001	50	244	ENSRNOG00000064118	ENSRNOG00000064118	1	0	0	1
2001	50	4001	50	244	ENSRNOG00000064176	ENSRNOG00000064176	1	0	1	0
2001	50	4001	50	244	ENSRNOG00000064410	ENSRNOG00000064410	1	1	0	0
2001	50	4001	50	244	ENSRNOG00000064683	ENSRNOG00000064683	1	0	1	0
2001	50	4001	50	244	ENSRNOG00000064858	ENSRNOG00000064858	1	0	0	1
2001	50	4001	50	244	ENSRNOG00000064923	ENSRNOG00000064923	1	1	0	0
2001	50	4001	50	244	ENSRNOG00000065024	ENSRNOG00000065024	1	0	1	0
2001	50	4001	50	244	ENSRNOG00000065041	ENSRNOG00000065041	1	0	0	1
2001	50	4001	50	244	ENSRNOG00000065111	ENSRNOG00000065111	1	1	0	0
2001	50	4001	50	244	ENSRNOG00000065409	ENSRNOG00000065409	1	0	0	1
2001	50	4001	50	244	ENSRNOG00000065414	ENSRNOG00000065414	1	0	0	1
2001	50	4001	50	244	ENSRNOG00000065450	ENSRNOG00000065450	1	0	0	1
2001	50	4001	50	244	ENSRNOG00000065578	ENSRNOG00000065578	1	0	0	1
2001	50	4001	50	244	ENSRNOG00000065873	ENSRNOG00000065873	1	0	1	0
2001	50	4001	50	244	ENSRNOG00000066023	ENSRNOG00000066023	1	1	0	0
2001	50	4001	50	244	ENSRNOG00000066293	ENSRNOG00000066293	1	0	1	0
2001	50	4001	50	244	ENSRNOG00000066578	ENSRNOG00000066578	1	1	0	0
2001	50	4001	50	244	ENSRNOG00000066780	ENSRNOG00000066780	1	0	1	0
2001	50	4001	50	244	ENSRNOG00000066864	ENSRNOG00000066864	1	1	0	0
2001	50	4001	50	244	ENSRNOG00000066906	ENSRNOG00000066906	1	0	0	1
2001	50	4001	50	244	ENSRNOG00000066935	ENSRNOG00000066935	1	0	1	0
2001	50	4001	50	244	ENSRNOG00000066945	ENSRNOG00000066945	1	0	0	1
2001	50	4001	50	244	ENSRNOG00000066981	ENSRNOG00000066981	1	1	0	0
2001	50	4001	50	244	ENSRNOG00000067245	ENSRNOG00000067245	1	0	0	1
2001	50	4001	50	244	ENSRNOG00000067268	ENSRNOG00000067268	1	0	1	0
2001	50	4001	50	244	ENSRNOG00000067729	ENSRNOG00000067729	1	1	0	0
2001	50	4001	50	244	ENSRNOG00000068140	ENSRNOG00000068140	1	1	0	0
2001	50	4001	50	244	ENSRNOG00000068255	ENSRNOG00000068255	1	0	0	1
2001	50	4001	50	244	ENSRNOG00000068335	ENSRNOG00000068335	1	1	0	0
2001	50	4001	50	244	ENSRNOG00000068419	ENSRNOG00000068419	1	0	0	1
2001	50	4001	50	244	ENSRNOG00000068528	ENSRNOG00000068528	1	0	0	1
2001	50	4001	50	244	ENSRNOG00000068718	ENSRNOG00000068718	1	0	0	1
2001	50	4001	50	244	ENSRNOG00000068753	ENSRNOG00000068753	1	0	1	0
2001	50	4001	50	244	ENSRNOG00000068781	ENSRNOG00000068781	1	1	0	0
2001	50	4001	50	244	ENSRNOG00000069163	ENSRNOG00000069163	1	0	1	0
2001	50	4001	50	244	ENSRNOG00000069217	ENSRNOG00000069217	1	1	0	0
2001	50	4001	50	244	ENSRNOG00000069576	ENSRNOG00000069576	1	1	0	0
2001	50	4001	50	244	ENSRNOG00000069703	ENSRNOG00000069703	1	0	0	1
2001	50	4001	50	244	ENSRNOG00000069771	ENSRNOG00000069771	1	0	1	0
2001	50	4001	50	244	ENSRNOG00000069861	ENSRNOG00000069861	1	0	0	1
2001	50	4001	50	244	ENSRNOG00000069893	ENSRNOG00000069893	1	0	0	1
2001	50	4001	50	244	ENSRNOG00000070527	ENSRNOG00000070527	1	0	1	0
2001	50	4001	50	244	ENSRNOG00000070700	ENSRNOG00000070700	1	0	0	1
2001	50	4001	50	244	ENSRNOG00000070936	ENSRNOG00000070936	1	0	0	1
2001	50	4001	50	244	ENSRNOG00000071037	ENSRNOG00000071037	1	1	0	0
2001	50	4001	50	244	ENSRNOG00000071195	ENSRNOG00000071195	1	1	0	0
2001	50	4001	50	244	ENSRNOG00000007408	Ebf4	1	0	1	0
2001	50	4001	50	244	ENSRNOG00000014368	Eif4g3	1	0	0	1
2001	50	4001	50	244	ENSRNOG00000028176	Elmod2	1	1	0	0
2001	50	4001	50	244	ENSRNOG00000009482	Emx2	1	1	0	0
2001	50	4001	50	244	ENSRNOG00000002262	Enoph1	1	0	1	0
2001	50	4001	50	244	ENSRNOG00000030285	Epha3	1	0	0	1
2001	50	4001	50	244	ENSRNOG00000017839	Ercc1	1	1	0	0
2001	50	4001	50	244	ENSRNOG00000018974	Ern2	1	1	0	0
2001	50	4001	50	244	ENSRNOG00000005343	Esr2	1	0	1	0
2001	50	4001	50	244	ENSRNOG00000001785	Etv5	1	0	1	0
2001	50	4001	50	244	ENSRNOG00000001589	Evx2	1	0	1	0
2001	50	4001	50	244	ENSRNOG00000008523	Faf1	1	0	0	1
2001	50	4001	50	244	ENSRNOG00000013223	Fah	1	0	1	0
2001	50	4001	50	244	ENSRNOG00000014886	Fam107b	1	0	1	0
2001	50	4001	50	244	ENSRNOG00000023008	Fam131c	1	0	1	0
2001	50	4001	50	244	ENSRNOG00000017408	Fam160a2	1	0	1	0
2001	50	4001	50	244	ENSRNOG00000014305	Fbxo42	1	1	0	0
2001	50	4001	50	244	ENSRNOG00000058497	Fdxr	1	1	0	0
2001	50	4001	50	244	ENSRNOG00000020899	Fgf19	1	1	0	0
2001	50	4001	50	244	ENSRNOG00000005347	Fjx1	1	0	0	1
2001	50	4001	50	244	ENSRNOG00000050780	Fpgs	1	0	0	1
2001	50	4001	50	244	ENSRNOG00000007764	Frmd4b	1	0	1	0
2001	50	4001	50	244	ENSRNOG00000016189	Frmd5	1	0	0	1
2001	50	4001	50	244	ENSRNOG00000014678	Fzd5	1	0	1	0
2001	50	4001	50	244	ENSRNOG00000050123	Gdf5	1	0	1	0
2001	50	4001	50	244	ENSRNOG00000017438	Gfra1	1	0	0	1
2001	50	4001	50	244	ENSRNOG00000019857	Gng7	1	0	1	0
2001	50	4001	50	244	ENSRNOG00000046085	Gon7	1	0	0	1
2001	50	4001	50	244	ENSRNOG00000004613	Gpm6b	1	0	0	1
2001	50	4001	50	244	ENSRNOG00000039832	Gpr12	1	0	0	1
2001	50	4001	50	244	ENSRNOG00000012628	Gpr18	1	0	1	0
2001	50	4001	50	244	ENSRNOG00000030318	Gpr83	1	1	0	0
2001	50	4001	50	244	ENSRNOG00000013894	Gpr87	1	0	1	0
2001	50	4001	50	244	ENSRNOG00000053577	Gramd1b	1	0	0	1
2001	50	4001	50	244	ENSRNOG00000003616	Grem2	1	0	1	0
2001	50	4001	50	244	ENSRNOG00000003280	Grin2c	1	1	0	0
2001	50	4001	50	244	ENSRNOG00000039325	Grxcr2	1	0	0	1
2001	50	4001	50	244	ENSRNOG00000016703	Gtf2a1l	1	0	0	1
2001	50	4001	50	244	ENSRNOG00000009440	Gucy1b2	1	0	0	1
2001	50	4001	50	244	ENSRNOG00000062678	H19	1	1	0	0
2001	50	4001	50	244	ENSRNOG00000031263	Haao	1	0	0	1
2001	50	4001	50	244	ENSRNOG00000049949	Hapln4	1	0	1	0
2001	50	4001	50	244	ENSRNOG00000018646	Hbegf	1	1	0	0
2001	50	4001	50	244	ENSRNOG00000000604	Hdac2	1	0	0	1
2001	50	4001	50	244	ENSRNOG00000002270	Hnrnpdl	1	0	1	0
2001	50	4001	50	244	ENSRNOG00000019507	Hnrnpul2	1	0	1	0
2001	50	4001	50	244	ENSRNOG00000057061	Hoxa13	1	0	1	0
2001	50	4001	50	244	ENSRNOG00000031406	Hps3	1	0	0	1
2001	50	4001	50	244	ENSRNOG00000039336	Hrct1	1	0	0	1
2001	50	4001	50	244	ENSRNOG00000013042	Htr1b	1	0	0	1
2001	50	4001	50	244	ENSRNOG00000052519	Ift70a2	1	0	0	1
2001	50	4001	50	244	ENSRNOG00000014187	Igf1r	1	0	0	1
2001	50	4001	50	244	ENSRNOG00000001525	Igsf11	1	0	1	0
2001	50	4001	50	244	ENSRNOG00000017376	Il21	1	0	0	1
2001	50	4001	50	244	ENSRNOG00000014320	Inhba	1	0	1	0
2001	50	4001	50	244	ENSRNOG00000008144	Irf1	1	1	0	0
2001	50	4001	50	244	ENSRNOG00000070206	Irf2bp2	1	1	0	0
2001	50	4001	50	244	ENSRNOG00000011533	Irx3	1	0	1	0
2001	50	4001	50	244	ENSRNOG00000004751	Jkamp	1	0	0	1
2001	50	4001	50	244	ENSRNOG00000046949	Kcnb1	1	1	0	0
2001	50	4001	50	244	ENSRNOG00000067416	Kcnd2	1	0	0	1
2001	50	4001	50	244	ENSRNOG00000054314	Kcng1	1	0	1	0
2001	50	4001	50	244	ENSRNOG00000059005	Kcnj1	1	1	0	0
2001	50	4001	50	244	ENSRNOG00000033796	Kcnj5	1	1	0	0
2001	50	4001	50	244	ENSRNOG00000009265	Kcnk9	1	0	0	1
2001	50	4001	50	244	ENSRNOG00000021137	Kctd15	1	0	0	1
2001	50	4001	50	244	ENSRNOG00000013729	Kiaa1549	1	0	1	0
2001	50	4001	50	244	ENSRNOG00000014087	Kifc3	1	0	1	0
2001	50	4001	50	244	ENSRNOG00000016885	Klf6	1	0	0	1
2001	50	4001	50	244	ENSRNOG00000046242	Klf7	1	1	0	0
2001	50	4001	50	244	ENSRNOG00000004022	Klhdc9	1	1	0	0
2001	50	4001	50	244	ENSRNOG00000007124	Krcc1	1	1	0	0
2001	50	4001	50	244	ENSRNOG00000012544	Krtap3-1	1	0	1	0
2001	50	4001	50	244	ENSRNOG00000019848	LOC100910882	1	1	0	0
2001	50	4001	50	244	ENSRNOG00000070852	LOC102551319	1	1	0	0
2001	50	4001	50	244	ENSRNOG00000065613	LOC102556715	1	0	1	0
2001	50	4001	50	244	ENSRNOG00000000376	LOC108349010	1	0	0	1
2001	50	4001	50	244	ENSRNOG00000066677	LOC120093490	1	0	1	0
2001	50	4001	50	244	ENSRNOG00000070179	LOC120093493	1	0	1	0
2001	50	4001	50	244	ENSRNOG00000064830	LOC120093899	1	0	1	0
2001	50	4001	50	244	ENSRNOG00000052214	LOC120093902	1	0	1	0
2001	50	4001	50	244	ENSRNOG00000053801	LOC120093962	1	0	1	0
2001	50	4001	50	244	ENSRNOG00000067888	LOC120093982	1	0	0	1
2001	50	4001	50	244	ENSRNOG00000059831	LOC120094432	1	0	1	0
2001	50	4001	50	244	ENSRNOG00000061501	LOC120094905	1	0	1	0
2001	50	4001	50	244	ENSRNOG00000059300	LOC120095414	1	0	0	1
2001	50	4001	50	244	ENSRNOG00000061671	LOC120095458	1	1	0	0
2001	50	4001	50	244	ENSRNOG00000057066	LOC120095735	1	0	0	1
2001	50	4001	50	244	ENSRNOG00000060275	LOC120095787	1	0	1	0
2001	50	4001	50	244	ENSRNOG00000053579	LOC120097196	1	0	1	0
2001	50	4001	50	244	ENSRNOG00000053224	LOC120097655	1	1	0	0
2001	50	4001	50	244	ENSRNOG00000060263	LOC120097665	1	0	0	1
2001	50	4001	50	244	ENSRNOG00000053627	LOC120097977	1	1	0	0
2001	50	4001	50	244	ENSRNOG00000051427	LOC120097999	1	0	0	1
2001	50	4001	50	244	ENSRNOG00000057268	LOC120098001	1	0	0	1
2001	50	4001	50	244	ENSRNOG00000068016	LOC120098582	1	1	0	0
2001	50	4001	50	244	ENSRNOG00000061755	LOC120100355	1	0	0	1
2001	50	4001	50	244	ENSRNOG00000054845	LOC120100446	1	1	0	0
2001	50	4001	50	244	ENSRNOG00000067383	LOC120100481	1	0	1	0
2001	50	4001	50	244	ENSRNOG00000067158	LOC120100492	1	0	0	1
2001	50	4001	50	244	ENSRNOG00000059800	LOC120101334	1	0	0	1
2001	50	4001	50	244	ENSRNOG00000061565	LOC120101361	1	0	0	1
2001	50	4001	50	244	ENSRNOG00000055839	LOC120101362	1	0	0	1
2001	50	4001	50	244	ENSRNOG00000066196	LOC120101636	1	0	0	1
2001	50	4001	50	244	ENSRNOG00000057217	LOC120101933	1	0	0	1
2001	50	4001	50	244	ENSRNOG00000061392	LOC120101945	1	0	0	1
2001	50	4001	50	244	ENSRNOG00000057181	LOC120102010	1	0	0	1
2001	50	4001	50	244	ENSRNOG00000069671	LOC120102122	1	0	0	1
2001	50	4001	50	244	ENSRNOG00000064686	LOC120102650	1	0	0	1
2001	50	4001	50	244	ENSRNOG00000053414	LOC120102674	1	1	0	0
2001	50	4001	50	244	ENSRNOG00000057142	LOC120102688	1	1	0	0
2001	50	4001	50	244	ENSRNOG00000069228	LOC120103380	1	0	0	1
2001	50	4001	50	244	ENSRNOG00000065746	LOC134478878	1	1	0	0
2001	50	4001	50	244	ENSRNOG00000000164	Lamp2	1	0	0	1
2001	50	4001	50	244	ENSRNOG00000059166	Ldb3	1	0	0	1
2001	50	4001	50	244	ENSRNOG00000060325	Lefty2	1	0	0	1
2001	50	4001	50	244	ENSRNOG00000003217	Lgals3bp	1	0	0	1
2001	50	4001	50	244	ENSRNOG00000005093	Lgr6	1	1	0	0
2001	50	4001	50	244	ENSRNOG00000016712	Lhcgr	1	0	0	1
2001	50	4001	50	244	ENSRNOG00000014153	Lhfpl6	1	1	0	0
2001	50	4001	50	244	ENSRNOG00000051192	Lhfpl7	1	0	0	1
2001	50	4001	50	244	ENSRNOG00000017193	Lingo1	1	0	1	0
2001	50	4001	50	244	ENSRNOG00000049161	Lipj	1	0	0	1
2001	50	4001	50	244	ENSRNOG00000030389	Lrrc30	1	0	0	1
2001	50	4001	50	244	ENSRNOG00000002129	Lrrc8b	1	0	0	1
2001	50	4001	50	244	ENSRNOG00000043105	Lyrm2	1	0	0	1
2001	50	4001	50	244	ENSRNOG00000015445	Mal	1	0	1	0
2001	50	4001	50	244	ENSRNOG00000009035	Malsu1	1	0	0	1
2001	50	4001	50	244	ENSRNOG00000011841	Map2	1	0	0	1
2001	50	4001	50	244	ENSRNOG00000014013	Map4k4	1	0	0	1
2001	50	4001	50	244	ENSRNOG00000012982	Map9	1	0	1	0
2001	50	4001	50	244	ENSRNOG00000005133	Mapt	1	1	0	0
2001	50	4001	50	244	ENSRNOG00000002339	Mark1	1	0	0	1
2001	50	4001	50	244	ENSRNOG00000011271	Mcc	1	0	0	1
2001	50	4001	50	244	ENSRNOG00000013293	Mccc1	1	0	0	1
2001	50	4001	50	244	ENSRNOG00000016327	Mcee	1	0	0	1
2001	50	4001	50	244	ENSRNOG00000014336	Mcm5	1	1	0	0
2001	50	4001	50	244	ENSRNOG00000001440	Mdh2	1	0	1	0
2001	50	4001	50	244	ENSRNOG00000004606	Meis1	1	0	1	0
2001	50	4001	50	244	ENSRNOG00000001739	Meltf	1	0	0	1
2001	50	4001	50	244	ENSRNOG00000060497	Metazoa_SRP	1	0	0	1
2001	50	4001	50	244	ENSRNOG00000063046	Metazoa_SRP	1	0	0	1
2001	50	4001	50	244	ENSRNOG00000016210	Mical2	1	1	0	0
2001	50	4001	50	244	ENSRNOG00000042524	Milr1	1	0	0	1
2001	50	4001	50	244	ENSRNOG00000035499	Mir124-2	1	0	0	1
2001	50	4001	50	244	ENSRNOG00000035571	Mir133b	1	0	0	1
2001	50	4001	50	244	ENSRNOG00000035530	Mir192	1	1	0	0
2001	50	4001	50	244	ENSRNOG00000046587	Mir193b	1	0	0	1
2001	50	4001	50	244	ENSRNOG00000035588	Mir194-2	1	1	0	0
2001	50	4001	50	244	ENSRNOG00000049532	Mir2861	1	0	0	1
2001	50	4001	50	244	ENSRNOG00000035623	Mir34a	1	1	0	0
2001	50	4001	50	244	ENSRNOG00000047135	Mir365-1	1	0	0	1
2001	50	4001	50	244	ENSRNOG00000036562	Mir374b	1	0	1	0
2001	50	4001	50	244	ENSRNOG00000035546	Mir421	1	0	1	0
2001	50	4001	50	244	ENSRNOG00000036265	Mir488	1	1	0	0
2001	50	4001	50	244	ENSRNOG00000062864	Mir9-2hg	1	1	0	0
2001	50	4001	50	244	ENSRNOG00000018938	Mkx	1	1	0	0
2001	50	4001	50	244	ENSRNOG00000010507	Mmp7	1	0	1	0
2001	50	4001	50	244	ENSRNOG00000033970	Moap1	1	0	0	1
2001	50	4001	50	244	ENSRNOG00000003226	Mprip	1	0	0	1
2001	50	4001	50	244	ENSRNOG00000043267	Mrm2	1	0	0	1
2001	50	4001	50	244	ENSRNOG00000005382	Mroh4	1	1	0	0
2001	50	4001	50	244	ENSRNOG00000002569	Mrps14	1	0	1	0
2001	50	4001	50	244	ENSRNOG00000059381	Mrps6	1	0	0	1
2001	50	4001	50	244	ENSRNOG00000064777	Msantd1	1	0	1	0
2001	50	4001	50	244	ENSRNOG00000005602	Mthfd1	1	0	1	0
2001	50	4001	50	244	ENSRNOG00000047329	Mtif3	1	0	0	1
2001	50	4001	50	244	ENSRNOG00000070811	Mtif3	1	0	0	1
2001	50	4001	50	244	ENSRNOG00000010748	Mtus1	1	1	0	0
2001	50	4001	50	244	ENSRNOG00000003336	Mybph	1	1	0	0
2001	50	4001	50	244	ENSRNOG00000046276	Myh3	1	1	0	0
2001	50	4001	50	244	ENSRNOG00000016983	Myh7	1	0	1	0
2001	50	4001	50	244	ENSRNOG00000030848	Myl2	1	0	1	0
2001	50	4001	50	244	ENSRNOG00000047786	NEWGENE	1	0	0	1
2001	50	4001	50	244	ENSRNOG00000016936	Nadk	1	0	0	1
2001	50	4001	50	244	ENSRNOG00000042978	Ncald	1	0	1	0
2001	50	4001	50	244	ENSRNOG00000005616	Ncoa3	1	0	1	0
2001	50	4001	50	244	ENSRNOG00000020602	Ndufa13	1	0	0	1
2001	50	4001	50	244	ENSRNOG00000006403	Nectin1	1	0	0	1
2001	50	4001	50	244	ENSRNOG00000017610	Nedd4l	1	0	0	1
2001	50	4001	50	244	ENSRNOG00000046492	Nemp1	1	1	0	0
2001	50	4001	50	244	ENSRNOG00000004505	Nfic	1	1	0	0
2001	50	4001	50	244	ENSRNOG00000007390	Nfkbia	1	1	0	0
2001	50	4001	50	244	ENSRNOG00000010282	Ninj2	1	1	0	0
2001	50	4001	50	244	ENSRNOG00000063464	Nme2-ps8	1	1	0	0
2001	50	4001	50	244	ENSRNOG00000003260	Nr1i3	1	0	1	0
2001	50	4001	50	244	ENSRNOG00000004004	Nrde2	1	1	0	0
2001	50	4001	50	244	ENSRNOG00000003650	Nt5c	1	0	0	1
2001	50	4001	50	244	ENSRNOG00000018674	Ntrk3	1	0	0	1
2001	50	4001	50	244	ENSRNOG00000018564	Nup93	1	0	1	0
2001	50	4001	50	244	ENSRNOG00000042658	Nxnl1	1	1	0	0
2001	50	4001	50	244	ENSRNOG00000027847	Nxpe2	1	0	1	0
2001	50	4001	50	244	ENSRNOG00000027109	Odf3l1	1	0	1	0
2001	50	4001	50	244	ENSRNOG00000003359	Ogt	1	0	0	1
2001	50	4001	50	244	ENSRNOG00000021988	Olfr225	1	0	0	1
2001	50	4001	50	244	ENSRNOG00000015652	Or13e8	1	0	0	1
2001	50	4001	50	244	ENSRNOG00000066545	Or13j1	1	0	0	1
2001	50	4001	50	244	ENSRNOG00000065272	Or2h1	1	1	0	0
2001	50	4001	50	244	ENSRNOG00000043481	Or2h2	1	1	0	0
2001	50	4001	50	244	ENSRNOG00000066651	Or5a3	1	0	0	1
2001	50	4001	50	244	ENSRNOG00000001336	Orai1	1	0	1	0
2001	50	4001	50	244	ENSRNOG00000022807	Pced1b	1	0	1	0
2001	50	4001	50	244	ENSRNOG00000014779	Pdcd4	1	0	1	0
2001	50	4001	50	244	ENSRNOG00000001312	Pdgfa	1	0	0	1
2001	50	4001	50	244	ENSRNOG00000008161	Pdzk1ip1	1	0	1	0
2001	50	4001	50	244	ENSRNOG00000050932	Pfdn4	1	0	1	0
2001	50	4001	50	244	ENSRNOG00000060431	Pfpl	1	0	0	1
2001	50	4001	50	244	ENSRNOG00000047279	Pga5	1	0	0	1
2001	50	4001	50	244	ENSRNOG00000014668	Phaf1	1	0	1	0
2001	50	4001	50	244	ENSRNOG00000002171	Phldb2	1	0	1	0
2001	50	4001	50	244	ENSRNOG00000055259	Phldb3	1	0	1	0
2001	50	4001	50	244	ENSRNOG00000002821	Phlpp1	1	0	1	0
2001	50	4001	50	244	ENSRNOG00000029735	Pid1	1	1	0	0
2001	50	4001	50	244	ENSRNOG00000014866	Pign	1	1	0	0
2001	50	4001	50	244	ENSRNOG00000021068	Pip5k1a	1	1	0	0
2001	50	4001	50	244	ENSRNOG00000012095	Pkia	1	0	0	1
2001	50	4001	50	244	ENSRNOG00000016647	Pla2g2c	1	0	1	0
2001	50	4001	50	244	ENSRNOG00000024904	Pla2g4e	1	0	0	1
2001	50	4001	50	244	ENSRNOG00000011263	Plac9	1	0	1	0
2001	50	4001	50	244	ENSRNOG00000015932	Plgrkt	1	0	1	0
2001	50	4001	50	244	ENSRNOG00000013072	Plxna4	1	0	0	1
2001	50	4001	50	244	ENSRNOG00000014231	Pnoc	1	0	1	0
2001	50	4001	50	244	ENSRNOG00000012495	Podxl	1	1	0	0
2001	50	4001	50	244	ENSRNOG00000016960	Polr3e	1	1	0	0
2001	50	4001	50	244	ENSRNOG00000001449	Pom121	1	0	0	1
2001	50	4001	50	244	ENSRNOG00000018851	Ppp2r2b	1	0	1	0
2001	50	4001	50	244	ENSRNOG00000018446	Prap1	1	1	0	0
2001	50	4001	50	244	ENSRNOG00000000323	Prdm1	1	0	1	0
2001	50	4001	50	244	ENSRNOG00000045553	Proser2	1	0	0	1
2001	50	4001	50	244	ENSRNOG00000007114	Psma6	1	0	0	1
2001	50	4001	50	244	ENSRNOG00000056853	Psma7	1	1	0	0
2001	50	4001	50	244	ENSRNOG00000010325	Ptger3	1	1	0	0
2001	50	4001	50	244	ENSRNOG00000027839	Ptk2b	1	1	0	0
2001	50	4001	50	244	ENSRNOG00000003267	Pycr2	1	0	0	1
2001	50	4001	50	244	ENSRNOG00000046473	Qrfp	1	0	1	0
2001	50	4001	50	244	ENSRNOG00000025254	Qrich2	1	0	0	1
2001	50	4001	50	244	ENSRNOG00000067468	RGD1562811	1	1	0	0
2001	50	4001	50	244	ENSRNOG00000047706	RT1-CE2	1	0	1	0
2001	50	4001	50	244	ENSRNOG00000006661	Rad51c	1	0	1	0
2001	50	4001	50	244	ENSRNOG00000004630	Rag1	1	0	1	0
2001	50	4001	50	244	ENSRNOG00000053859	Ranbp6	1	0	0	1
2001	50	4001	50	244	ENSRNOG00000014316	Rapgef1	1	0	1	0
2001	50	4001	50	244	ENSRNOG00000059961	Rapgef3	1	0	1	0
2001	50	4001	50	244	ENSRNOG00000004917	Rasal2	1	0	1	0
2001	50	4001	50	244	ENSRNOG00000003348	Rasd1	1	1	0	0
2001	50	4001	50	244	ENSRNOG00000049814	Rbm39	1	1	0	0
2001	50	4001	50	244	ENSRNOG00000003283	Rcsd1	1	1	0	0
2001	50	4001	50	244	ENSRNOG00000019046	Reg4	1	1	0	0
2001	50	4001	50	244	ENSRNOG00000015508	Relch	1	1	0	0
2001	50	4001	50	244	ENSRNOG00000001840	Rep15	1	0	0	1
2001	50	4001	50	244	ENSRNOG00000021012	Rfx5	1	0	1	0
2001	50	4001	50	244	ENSRNOG00000025551	Rgs22	1	0	1	0
2001	50	4001	50	244	ENSRNOG00000010131	Rin2	1	0	0	1
2001	50	4001	50	244	ENSRNOG00000000123	Rnf19b	1	0	1	0
2001	50	4001	50	244	ENSRNOG00000006087	Rnf20	1	1	0	0
2001	50	4001	50	244	ENSRNOG00000069731	Rnu6-1297	1	0	0	1
2001	50	4001	50	244	ENSRNOG00000057183	Rnu6-212	1	1	0	0
2001	50	4001	50	244	ENSRNOG00000061288	Rnu6-630	1	1	0	0
2001	50	4001	50	244	ENSRNOG00000070824	Rnu6-891	1	0	0	1
2001	50	4001	50	244	ENSRNOG00000066047	Rpl38	1	0	0	1
2001	50	4001	50	244	ENSRNOG00000068097	Rpl9-ps20	1	0	0	1
2001	50	4001	50	244	ENSRNOG00000033913	Rps12l3	1	0	1	0
2001	50	4001	50	244	ENSRNOG00000018320	Rps15a	1	0	0	1
2001	50	4001	50	244	ENSRNOG00000013194	Rps6ka2	1	1	0	0
2001	50	4001	50	244	ENSRNOG00000001315	Rsph14	1	0	1	0
2001	50	4001	50	244	ENSRNOG00000029893	Rwdd3	1	0	0	1
2001	50	4001	50	244	ENSRNOG00000026116	Sall3	1	0	0	1
2001	50	4001	50	244	ENSRNOG00000023549	Samd5	1	0	0	1
2001	50	4001	50	244	ENSRNOG00000004409	Sash3	1	0	0	1
2001	50	4001	50	244	ENSRNOG00000037409	Scimp	1	1	0	0
2001	50	4001	50	244	ENSRNOG00000053122	Scn1a	1	0	1	0
2001	50	4001	50	244	ENSRNOG00000024711	Sdk2	1	0	0	1
2001	50	4001	50	244	ENSRNOG00000005229	Sec16b	1	0	0	1
2001	50	4001	50	244	ENSRNOG00000016254	Sema4c	1	1	0	0
2001	50	4001	50	244	ENSRNOG00000004033	Sema6a	1	0	1	0
2001	50	4001	50	244	ENSRNOG00000007687	Sema7a	1	1	0	0
2001	50	4001	50	244	ENSRNOG00000001773	Senp2	1	0	1	0
2001	50	4001	50	244	ENSRNOG00000032669	Serpina1	1	0	1	0
2001	50	4001	50	244	ENSRNOG00000045931	Sik3	1	0	1	0
2001	50	4001	50	244	ENSRNOG00000057031	Six3	1	0	0	1
2001	50	4001	50	244	ENSRNOG00000037680	Skint8	1	0	1	0
2001	50	4001	50	244	ENSRNOG00000005794	Slc10a1	1	0	1	0
2001	50	4001	50	244	ENSRNOG00000019490	Slc20a2	1	0	1	0
2001	50	4001	50	244	ENSRNOG00000016337	Slc22a1	1	0	0	1
2001	50	4001	50	244	ENSRNOG00000020562	Slc22a18	1	0	1	0
2001	50	4001	50	244	ENSRNOG00000042387	Slc25a6	1	0	1	0
2001	50	4001	50	244	ENSRNOG00000004510	Slc35b1	1	1	0	0
2001	50	4001	50	244	ENSRNOG00000055089	Slc44a1	1	0	1	0
2001	50	4001	50	244	ENSRNOG00000038055	Slc47a2	1	1	0	0
2001	50	4001	50	244	ENSRNOG00000003134	Slc4a4	1	1	0	0
2001	50	4001	50	244	ENSRNOG00000011339	Slk	1	0	0	1
2001	50	4001	50	244	ENSRNOG00000031135	Smarcc2	1	0	1	0
2001	50	4001	50	244	ENSRNOG00000007495	Smpx	1	0	0	1
2001	50	4001	50	244	ENSRNOG00000006776	Smyd1	1	1	0	0
2001	50	4001	50	244	ENSRNOG00000009594	Snai1	1	0	1	0
2001	50	4001	50	244	ENSRNOG00000011944	Snx10	1	0	1	0
2001	50	4001	50	244	ENSRNOG00000001258	Snx8	1	0	0	1
2001	50	4001	50	244	ENSRNOG00000059008	Socs7	1	1	0	0
2001	50	4001	50	244	ENSRNOG00000013391	Sorbs2	1	0	0	1
2001	50	4001	50	244	ENSRNOG00000010934	Spa17	1	1	0	0
2001	50	4001	50	244	ENSRNOG00000070391	Spaar	1	0	0	1
2001	50	4001	50	244	ENSRNOG00000012840	Sparc	1	0	0	1
2001	50	4001	50	244	ENSRNOG00000062590	Spetex-2Fl1	1	1	0	0
2001	50	4001	50	244	ENSRNOG00000036711	Spn	1	0	1	0
2001	50	4001	50	244	ENSRNOG00000005209	Spred1	1	1	0	0
2001	50	4001	50	244	ENSRNOG00000070996	Spred1	1	1	0	0
2001	50	4001	50	244	ENSRNOG00000004888	Spred2	1	0	0	1
2001	50	4001	50	244	ENSRNOG00000017212	Spsb1	1	1	0	0
2001	50	4001	50	244	ENSRNOG00000013050	Spz1	1	1	0	0
2001	50	4001	50	244	ENSRNOG00000003013	Srpx	1	0	1	0
2001	50	4001	50	244	ENSRNOG00000001439	Srrm3	1	0	1	0
2001	50	4001	50	244	ENSRNOG00000060010	Ss18l1	1	1	0	0
2001	50	4001	50	244	ENSRNOG00000007920	Ssbp3	1	0	1	0
2001	50	4001	50	244	ENSRNOG00000001837	Sst	1	1	0	0
2001	50	4001	50	244	ENSRNOG00000046984	St6galnac6	1	0	0	1
2001	50	4001	50	244	ENSRNOG00000020425	Stim1	1	1	0	0
2001	50	4001	50	244	ENSRNOG00000027911	Stkld1	1	1	0	0
2001	50	4001	50	244	ENSRNOG00000011705	Stmn2	1	0	0	1
2001	50	4001	50	244	ENSRNOG00000011006	Stoml3	1	0	0	1
2001	50	4001	50	244	ENSRNOG00000031448	Stpg1	1	0	1	0
2001	50	4001	50	244	ENSRNOG00000040136	Stpg4	1	0	1	0
2001	50	4001	50	244	ENSRNOG00000015420	Stxbp1	1	0	1	0
2001	50	4001	50	244	ENSRNOG00000060005	Surf4	1	1	0	0
2001	50	4001	50	244	ENSRNOG00000004200	Sybu	1	0	0	1
2001	50	4001	50	244	ENSRNOG00000018960	Syne1	1	1	0	0
2001	50	4001	50	244	ENSRNOG00000017114	Synj2	1	0	1	0
2001	50	4001	50	244	ENSRNOG00000019181	Synpo	1	0	0	1
2001	50	4001	50	244	ENSRNOG00000008203	Synpr	1	0	0	1
2001	50	4001	50	244	ENSRNOG00000009183	Szrd1	1	1	0	0
2001	50	4001	50	244	ENSRNOG00000028082	Tal2	1	0	1	0
2001	50	4001	50	244	ENSRNOG00000052840	Tanc2	1	1	0	0
2001	50	4001	50	244	ENSRNOG00000061876	Tas1r2	1	0	1	0
2001	50	4001	50	244	ENSRNOG00000011114	Tbpl1	1	0	1	0
2001	50	4001	50	244	ENSRNOG00000066988	Tbpl1	1	0	1	0
2001	50	4001	50	244	ENSRNOG00000005049	Tbr1	1	0	1	0
2001	50	4001	50	244	ENSRNOG00000019565	Tbx15	1	0	0	1
2001	50	4001	50	244	ENSRNOG00000008618	Tex10	1	0	0	1
2001	50	4001	50	244	ENSRNOG00000026712	Tex13a	1	0	0	1
2001	50	4001	50	244	ENSRNOG00000023698	Tex14	1	0	1	0
2001	50	4001	50	244	ENSRNOG00000038921	Tex35	1	0	0	1
2001	50	4001	50	244	ENSRNOG00000032395	Tfcp2	1	0	1	0
2001	50	4001	50	244	ENSRNOG00000001162	Tff2	1	0	0	1
2001	50	4001	50	244	ENSRNOG00000001159	Tff3	1	0	0	1
2001	50	4001	50	244	ENSRNOG00000024562	Tgfbrap1	1	0	1	0
2001	50	4001	50	244	ENSRNOG00000045829	Thbs1	1	0	0	1
2001	50	4001	50	244	ENSRNOG00000006649	Thrb	1	0	0	1
2001	50	4001	50	244	ENSRNOG00000020271	Tial1	1	0	1	0
2001	50	4001	50	244	ENSRNOG00000042070	Ticam2	1	0	1	0
2001	50	4001	50	244	ENSRNOG00000013179	Tinagl1	1	0	0	1
2001	50	4001	50	244	ENSRNOG00000006395	Tldc2	1	0	1	0
2001	50	4001	50	244	ENSRNOG00000007713	Tmcc3	1	0	0	1
2001	50	4001	50	244	ENSRNOG00000063089	Tmem139	1	1	0	0
2001	50	4001	50	244	ENSRNOG00000003769	Tmem163	1	0	1	0
2001	50	4001	50	244	ENSRNOG00000023152	Tmem201	1	0	1	0
2001	50	4001	50	244	ENSRNOG00000028085	Tmem255a	1	0	0	1
2001	50	4001	50	244	ENSRNOG00000021316	Tmem98	1	0	1	0
2001	50	4001	50	244	ENSRNOG00000042499	Tmsb10	1	0	1	0
2001	50	4001	50	244	ENSRNOG00000064090	Tmsb10	1	0	1	0
2001	50	4001	50	244	ENSRNOG00000007664	Tnfrsf13c	1	1	0	0
2001	50	4001	50	244	ENSRNOG00000002548	Tnn	1	0	1	0
2001	50	4001	50	244	ENSRNOG00000026344	Togaram2	1	0	1	0
2001	50	4001	50	244	ENSRNOG00000003398	Tomm40l	1	0	1	0
2001	50	4001	50	244	ENSRNOG00000042441	Tpd52l3	1	0	0	1
2001	50	4001	50	244	ENSRNOG00000051627	Tra2b-ps3	1	0	0	1
2001	50	4001	50	244	ENSRNOG00000022540	Trex1	1	0	1	0
2001	50	4001	50	244	ENSRNOG00000056135	Tsc22d3	1	0	0	1
2001	50	4001	50	244	ENSRNOG00000018122	Tspan17	1	0	0	1
2001	50	4001	50	244	ENSRNOG00000020599	Tssk6	1	0	0	1
2001	50	4001	50	244	ENSRNOG00000013877	Ttc23	1	0	0	1
2001	50	4001	50	244	ENSRNOG00000011101	Twist1	1	0	0	1
2001	50	4001	50	244	ENSRNOG00000056693	U1	1	0	0	1
2001	50	4001	50	244	ENSRNOG00000017983	Ubac1	1	0	0	1
2001	50	4001	50	244	ENSRNOG00000010727	Ube2r2	1	1	0	0
2001	50	4001	50	244	ENSRNOG00000016930	Ube2s	1	0	1	0
2001	50	4001	50	244	ENSRNOG00000008108	Ubr7	1	0	0	1
2001	50	4001	50	244	ENSRNOG00000002643	Ugdh	1	0	0	1
2001	50	4001	50	244	ENSRNOG00000037505	Ulk1	1	0	0	1
2001	50	4001	50	244	ENSRNOG00000030213	Vps13c	1	0	1	0
2001	50	4001	50	244	ENSRNOG00000042220	Vsx1	1	0	1	0
2001	50	4001	50	244	ENSRNOG00000027355	Wdr36	1	0	0	1
2001	50	4001	50	244	ENSRNOG00000004476	Wif1	1	0	0	1
2001	50	4001	50	244	ENSRNOG00000009956	Wnk1	1	1	0	0
2001	50	4001	50	244	ENSRNOG00000061624	Y_RNA	1	0	0	1
2001	50	4001	50	244	ENSRNOG00000016995	Zap70	1	0	0	1
2001	50	4001	50	244	ENSRNOG00000013944	Zc3hav1l	1	0	0	1
2001	50	4001	50	244	ENSRNOG00000039743	Zdhhc11	1	1	0	0
2001	50	4001	50	244	ENSRNOG00000022686	Zdhhc2	1	0	1	0
2001	50	4001	50	244	ENSRNOG00000011285	Zdhhc22	1	0	1	0
2001	50	4001	50	244	ENSRNOG00000008765	Zfhx4	1	0	1	0
2001	50	4001	50	244	ENSRNOG00000003981	Zfp18	1	0	0	1
2001	50	4001	50	244	ENSRNOG00000011544	Zfp219	1	1	0	0
2001	50	4001	50	244	ENSRNOG00000027436	Zfp324	1	0	1	0
2001	50	4001	50	244	ENSRNOG00000014191	Zfp395	1	1	0	0
2001	50	4001	50	244	ENSRNOG00000017001	Zfp652	1	1	0	0
2001	50	4001	50	244	ENSRNOG00000024535	Zzef1	1	0	1	0
