primary_promoter_window_width_bp	primary_minimum_ATAC_overlap_bp	sensitivity_promoter_window_width_bp	sensitivity_minimum_ATAC_overlap_bp	rank_by_putative_loop_count	gene_id	gene_symbol	n_lost_putative_loops	n_5kb_putative_loops	n_10kb_putative_loops	n_25kb_putative_loops
2001	50	4001	50	1	ENSRNOG00000008676	Emp1	3	2	1	0
2001	50	4001	50	1	ENSRNOG00000007092	Fgb	3	1	1	1
2001	50	4001	50	1	ENSRNOG00000006655	Plrg1	3	1	1	1
2001	50	4001	50	4	ENSRNOG00000056969	AABR07008911.1	2	0	1	1
2001	50	4001	50	4	ENSRNOG00000050841	Ache	2	0	1	1
2001	50	4001	50	4	ENSRNOG00000003029	Calr	2	1	1	0
2001	50	4001	50	4	ENSRNOG00000059538	Clec2g	2	0	2	0
2001	50	4001	50	4	ENSRNOG00000017106	Csnk1a1	2	1	1	0
2001	50	4001	50	4	ENSRNOG00000063313	Csnk1a1	2	1	1	0
2001	50	4001	50	4	ENSRNOG00000020772	Dhx8	2	1	1	0
2001	50	4001	50	4	ENSRNOG00000060107	Dnajb14	2	0	1	1
2001	50	4001	50	4	ENSRNOG00000039859	Dnmt1	2	1	1	0
2001	50	4001	50	4	ENSRNOG00000066983	ENSRNOG00000066983	2	0	1	1
2001	50	4001	50	4	ENSRNOG00000042201	Efcab2	2	1	1	0
2001	50	4001	50	4	ENSRNOG00000008907	Fggy	2	0	1	1
2001	50	4001	50	4	ENSRNOG00000010306	H2az2l3	2	0	1	1
2001	50	4001	50	4	ENSRNOG00000012552	Ints4	2	2	0	0
2001	50	4001	50	4	ENSRNOG00000010552	Lamtor3	2	1	1	0
2001	50	4001	50	4	ENSRNOG00000013520	Mat2a	2	1	1	0
2001	50	4001	50	4	ENSRNOG00000017904	Nol7	2	1	1	0
2001	50	4001	50	4	ENSRNOG00000027646	Pop4	2	1	1	0
2001	50	4001	50	4	ENSRNOG00000017954	Prelid3a	2	1	1	0
2001	50	4001	50	4	ENSRNOG00000000258	Prmt7	2	1	1	0
2001	50	4001	50	4	ENSRNOG00000015717	Ptpre	2	1	1	0
2001	50	4001	50	4	ENSRNOG00000018748	Slc16a11	2	1	1	0
2001	50	4001	50	4	ENSRNOG00000020049	Slc7a6os	2	1	1	0
2001	50	4001	50	4	ENSRNOG00000021007	Snx15	2	0	0	2
2001	50	4001	50	4	ENSRNOG00000005868	Ttc21b	2	0	2	0
2001	50	4001	50	4	ENSRNOG00000037421	Zfp951	2	0	1	1
2001	50	4001	50	30	ENSRNOG00000037360	AABR07003173.1	1	0	1	0
2001	50	4001	50	30	ENSRNOG00000053140	AABR07027866.1	1	0	0	1
2001	50	4001	50	30	ENSRNOG00000057390	AABR07030143.1	1	0	1	0
2001	50	4001	50	30	ENSRNOG00000033109	AC097037.1	1	0	1	0
2001	50	4001	50	30	ENSRNOG00000047508	AC112350.1	1	0	1	0
2001	50	4001	50	30	ENSRNOG00000056968	AC130862.2	1	0	1	0
2001	50	4001	50	30	ENSRNOG00000018345	Abce1	1	0	0	1
2001	50	4001	50	30	ENSRNOG00000001710	Abcf3	1	0	1	0
2001	50	4001	50	30	ENSRNOG00000018755	Acss2	1	1	0	0
2001	50	4001	50	30	ENSRNOG00000011189	Acy1	1	1	0	0
2001	50	4001	50	30	ENSRNOG00000047545	Adra2a	1	0	0	1
2001	50	4001	50	30	ENSRNOG00000039001	Agrp	1	1	0	0
2001	50	4001	50	30	ENSRNOG00000014721	Ahrr	1	0	0	1
2001	50	4001	50	30	ENSRNOG00000018296	Anapc10	1	0	0	1
2001	50	4001	50	30	ENSRNOG00000025624	Arhgap20	1	0	1	0
2001	50	4001	50	30	ENSRNOG00000050636	Arhgef10l	1	0	0	1
2001	50	4001	50	30	ENSRNOG00000026435	Arid3a	1	1	0	0
2001	50	4001	50	30	ENSRNOG00000021010	Arl2	1	0	0	1
2001	50	4001	50	30	ENSRNOG00000019009	Arrdc2	1	1	0	0
2001	50	4001	50	30	ENSRNOG00000002256	Art3	1	1	0	0
2001	50	4001	50	30	ENSRNOG00000058308	Asic2	1	0	0	1
2001	50	4001	50	30	ENSRNOG00000015269	Atf7	1	0	1	0
2001	50	4001	50	30	ENSRNOG00000060707	Atg2a	1	0	0	1
2001	50	4001	50	30	ENSRNOG00000014625	Atp5f1d	1	1	0	0
2001	50	4001	50	30	ENSRNOG00000017235	Atp6v0d1	1	1	0	0
2001	50	4001	50	30	ENSRNOG00000020930	Atxn7l3	1	1	0	0
2001	50	4001	50	30	ENSRNOG00000000885	Auts2	1	0	0	1
2001	50	4001	50	30	ENSRNOG00000018066	Bccip	1	1	0	0
2001	50	4001	50	30	ENSRNOG00000020607	Bckdha	1	1	0	0
2001	50	4001	50	30	ENSRNOG00000012439	Bid	1	0	1	0
2001	50	4001	50	30	ENSRNOG00000005731	Birc3	1	0	0	1
2001	50	4001	50	30	ENSRNOG00000017463	Bloc1s3	1	1	0	0
2001	50	4001	50	30	ENSRNOG00000042847	C10h17orf107	1	0	0	1
2001	50	4001	50	30	ENSRNOG00000027633	C15h3orf49	1	0	1	0
2001	50	4001	50	30	ENSRNOG00000014966	C1h19orf12	1	0	1	0
2001	50	4001	50	30	ENSRNOG00000068599	C7h8orf82	1	0	1	0
2001	50	4001	50	30	ENSRNOG00000051621	Catsperz	1	1	0	0
2001	50	4001	50	30	ENSRNOG00000002125	Ccni	1	1	0	0
2001	50	4001	50	30	ENSRNOG00000003258	Cdc73	1	1	0	0
2001	50	4001	50	30	ENSRNOG00000070977	Cdhr18	1	0	1	0
2001	50	4001	50	30	ENSRNOG00000000583	Cdk19	1	0	1	0
2001	50	4001	50	30	ENSRNOG00000022736	Cdkn2aip	1	1	0	0
2001	50	4001	50	30	ENSRNOG00000005024	Cdkn2aipnl	1	1	0	0
2001	50	4001	50	30	ENSRNOG00000019340	Cep250	1	0	0	1
2001	50	4001	50	30	ENSRNOG00000036796	Cfap97d1	1	1	0	0
2001	50	4001	50	30	ENSRNOG00000003777	Chrne	1	0	0	1
2001	50	4001	50	30	ENSRNOG00000013771	Clca2	1	0	1	0
2001	50	4001	50	30	ENSRNOG00000012788	Clns1a	1	0	0	1
2001	50	4001	50	30	ENSRNOG00000018255	Clptm1	1	1	0	0
2001	50	4001	50	30	ENSRNOG00000043044	Cnn2	1	1	0	0
2001	50	4001	50	30	ENSRNOG00000018723	Cops7b	1	1	0	0
2001	50	4001	50	30	ENSRNOG00000056337	Crtc2	1	0	0	1
2001	50	4001	50	30	ENSRNOG00000012089	Cstf3	1	0	1	0
2001	50	4001	50	30	ENSRNOG00000022141	Ctdspl2	1	0	0	1
2001	50	4001	50	30	ENSRNOG00000013841	Dcaf1	1	1	0	0
2001	50	4001	50	30	ENSRNOG00000022373	Dennd4b	1	0	0	1
2001	50	4001	50	30	ENSRNOG00000005551	Derl1	1	1	0	0
2001	50	4001	50	30	ENSRNOG00000030157	Dhx16	1	1	0	0
2001	50	4001	50	30	ENSRNOG00000029194	Dhx30	1	0	1	0
2001	50	4001	50	30	ENSRNOG00000006999	Dnai4	1	0	1	0
2001	50	4001	50	30	ENSRNOG00000036798	Dusp3	1	1	0	0
2001	50	4001	50	30	ENSRNOG00000023100	Dynlt5	1	0	1	0
2001	50	4001	50	30	ENSRNOG00000062349	ENSRNOG00000062349	1	1	0	0
2001	50	4001	50	30	ENSRNOG00000063342	ENSRNOG00000063342	1	1	0	0
2001	50	4001	50	30	ENSRNOG00000064022	ENSRNOG00000064022	1	0	1	0
2001	50	4001	50	30	ENSRNOG00000064209	ENSRNOG00000064209	1	0	1	0
2001	50	4001	50	30	ENSRNOG00000064417	ENSRNOG00000064417	1	1	0	0
2001	50	4001	50	30	ENSRNOG00000064540	ENSRNOG00000064540	1	0	1	0
2001	50	4001	50	30	ENSRNOG00000065177	ENSRNOG00000065177	1	0	0	1
2001	50	4001	50	30	ENSRNOG00000065424	ENSRNOG00000065424	1	0	0	1
2001	50	4001	50	30	ENSRNOG00000066104	ENSRNOG00000066104	1	0	0	1
2001	50	4001	50	30	ENSRNOG00000066901	ENSRNOG00000066901	1	0	1	0
2001	50	4001	50	30	ENSRNOG00000067310	ENSRNOG00000067310	1	1	0	0
2001	50	4001	50	30	ENSRNOG00000067466	ENSRNOG00000067466	1	0	1	0
2001	50	4001	50	30	ENSRNOG00000068103	ENSRNOG00000068103	1	0	1	0
2001	50	4001	50	30	ENSRNOG00000068440	ENSRNOG00000068440	1	0	0	1
2001	50	4001	50	30	ENSRNOG00000069057	ENSRNOG00000069057	1	0	1	0
2001	50	4001	50	30	ENSRNOG00000069090	ENSRNOG00000069090	1	0	0	1
2001	50	4001	50	30	ENSRNOG00000069477	ENSRNOG00000069477	1	0	1	0
2001	50	4001	50	30	ENSRNOG00000069506	ENSRNOG00000069506	1	0	0	1
2001	50	4001	50	30	ENSRNOG00000069628	ENSRNOG00000069628	1	0	0	1
2001	50	4001	50	30	ENSRNOG00000069674	ENSRNOG00000069674	1	0	1	0
2001	50	4001	50	30	ENSRNOG00000069881	ENSRNOG00000069881	1	1	0	0
2001	50	4001	50	30	ENSRNOG00000069930	ENSRNOG00000069930	1	1	0	0
2001	50	4001	50	30	ENSRNOG00000070087	ENSRNOG00000070087	1	0	1	0
2001	50	4001	50	30	ENSRNOG00000070233	ENSRNOG00000070233	1	1	0	0
2001	50	4001	50	30	ENSRNOG00000070334	ENSRNOG00000070334	1	0	0	1
2001	50	4001	50	30	ENSRNOG00000070346	ENSRNOG00000070346	1	0	1	0
2001	50	4001	50	30	ENSRNOG00000070371	ENSRNOG00000070371	1	0	0	1
2001	50	4001	50	30	ENSRNOG00000007408	Ebf4	1	1	0	0
2001	50	4001	50	30	ENSRNOG00000055142	Ect2l	1	0	1	0
2001	50	4001	50	30	ENSRNOG00000019175	Ercc6l2	1	0	0	1
2001	50	4001	50	30	ENSRNOG00000021139	Esrra	1	1	0	0
2001	50	4001	50	30	ENSRNOG00000020635	Exosc5	1	1	0	0
2001	50	4001	50	30	ENSRNOG00000024947	Fabp2	1	0	0	1
2001	50	4001	50	30	ENSRNOG00000020480	Fads1	1	1	0	0
2001	50	4001	50	30	ENSRNOG00000020440	Fads2	1	1	0	0
2001	50	4001	50	30	ENSRNOG00000016706	Fanca	1	1	0	0
2001	50	4001	50	30	ENSRNOG00000003149	Farsa	1	0	1	0
2001	50	4001	50	30	ENSRNOG00000019319	Fchsd2	1	0	0	1
2001	50	4001	50	30	ENSRNOG00000023020	Fdx1l	1	1	0	0
2001	50	4001	50	30	ENSRNOG00000006998	Fhl4	1	1	0	0
2001	50	4001	50	30	ENSRNOG00000050486	Foxd4	1	0	0	1
2001	50	4001	50	30	ENSRNOG00000008529	Foxs1	1	0	1	0
2001	50	4001	50	30	ENSRNOG00000020881	Frmd8	1	0	1	0
2001	50	4001	50	30	ENSRNOG00000000774	Gabbr1	1	0	1	0
2001	50	4001	50	30	ENSRNOG00000003512	Gabra1	1	1	0	0
2001	50	4001	50	30	ENSRNOG00000014766	Galt	1	1	0	0
2001	50	4001	50	30	ENSRNOG00000015553	Gatad2b	1	0	1	0
2001	50	4001	50	30	ENSRNOG00000050123	Gdf5	1	0	0	1
2001	50	4001	50	30	ENSRNOG00000014007	Gfod1	1	0	1	0
2001	50	4001	50	30	ENSRNOG00000018441	Ggt7	1	1	0	0
2001	50	4001	50	30	ENSRNOG00000051691	Gjd3	1	0	1	0
2001	50	4001	50	30	ENSRNOG00000026488	Gltpd2	1	0	1	0
2001	50	4001	50	30	ENSRNOG00000070553	Gltpd2	1	0	1	0
2001	50	4001	50	30	ENSRNOG00000019838	Gmfg	1	1	0	0
2001	50	4001	50	30	ENSRNOG00000014493	Golga1	1	0	1	0
2001	50	4001	50	30	ENSRNOG00000013002	Gpbp1	1	0	0	1
2001	50	4001	50	30	ENSRNOG00000021020	Gpha2	1	0	0	1
2001	50	4001	50	30	ENSRNOG00000013604	Gpx4	1	0	1	0
2001	50	4001	50	30	ENSRNOG00000018964	Gss	1	0	1	0
2001	50	4001	50	30	ENSRNOG00000018230	Gtf2h2	1	1	0	0
2001	50	4001	50	30	ENSRNOG00000066420	H2ac12	1	0	1	0
2001	50	4001	50	30	ENSRNOG00000070010	H2ac4	1	0	1	0
2001	50	4001	50	30	ENSRNOG00000069578	H2bcl1	1	1	0	0
2001	50	4001	50	30	ENSRNOG00000064755	H3c1	1	0	1	0
2001	50	4001	50	30	ENSRNOG00000054017	H4c14	1	0	1	0
2001	50	4001	50	30	ENSRNOG00000001352	Hectd4	1	1	0	0
2001	50	4001	50	30	ENSRNOG00000059748	Hist1h2ac	1	0	1	0
2001	50	4001	50	30	ENSRNOG00000052594	Hist1h2ak	1	0	1	0
2001	50	4001	50	30	ENSRNOG00000060769	Hist1h2bd	1	0	1	0
2001	50	4001	50	30	ENSRNOG00000055512	Hist1h2bk	1	0	1	0
2001	50	4001	50	30	ENSRNOG00000054296	Hist1h2bo	1	0	1	0
2001	50	4001	50	30	ENSRNOG00000068034	Hist1h2bo	1	0	1	0
2001	50	4001	50	30	ENSRNOG00000056281	Hist1h3b	1	0	1	0
2001	50	4001	50	30	ENSRNOG00000019113	Hnrnpk	1	0	0	1
2001	50	4001	50	30	ENSRNOG00000012509	Il17f	1	0	0	1
2001	50	4001	50	30	ENSRNOG00000022741	Ilf3	1	1	0	0
2001	50	4001	50	30	ENSRNOG00000000701	Iscu	1	0	1	0
2001	50	4001	50	30	ENSRNOG00000004218	Klhl28	1	1	0	0
2001	50	4001	50	30	ENSRNOG00000008819	Krt84	1	0	1	0
2001	50	4001	50	30	ENSRNOG00000021198	LOC100910200	1	1	0	0
2001	50	4001	50	30	ENSRNOG00000060680	LOC102547830	1	0	1	0
2001	50	4001	50	30	ENSRNOG00000069775	LOC102549347	1	1	0	0
2001	50	4001	50	30	ENSRNOG00000016810	LOC102551813	1	1	0	0
2001	50	4001	50	30	ENSRNOG00000056800	LOC120093931	1	0	0	1
2001	50	4001	50	30	ENSRNOG00000065117	LOC120094051	1	1	0	0
2001	50	4001	50	30	ENSRNOG00000062570	LOC120098011	1	0	1	0
2001	50	4001	50	30	ENSRNOG00000061115	LOC120098385	1	0	0	1
2001	50	4001	50	30	ENSRNOG00000058963	LOC120099456	1	0	1	0
2001	50	4001	50	30	ENSRNOG00000058792	LOC120099518	1	0	0	1
2001	50	4001	50	30	ENSRNOG00000062357	LOC134482328	1	0	1	0
2001	50	4001	50	30	ENSRNOG00000010478	LOC299282	1	0	1	0
2001	50	4001	50	30	ENSRNOG00000016063	LOC361635	1	0	1	0
2001	50	4001	50	30	ENSRNOG00000026982	LOC691921	1	0	1	0
2001	50	4001	50	30	ENSRNOG00000016204	Lrrc24	1	0	1	0
2001	50	4001	50	30	ENSRNOG00000025296	Lrrc8a	1	1	0	0
2001	50	4001	50	30	ENSRNOG00000037204	Lyrm9	1	0	1	0
2001	50	4001	50	30	ENSRNOG00000016298	Lysmd3	1	1	0	0
2001	50	4001	50	30	ENSRNOG00000045765	MGC94207	1	0	1	0
2001	50	4001	50	30	ENSRNOG00000020773	Map3k11	1	0	1	0
2001	50	4001	50	30	ENSRNOG00000031700	Map3k5	1	0	1	0
2001	50	4001	50	30	ENSRNOG00000022753	Mast3	1	1	0	0
2001	50	4001	50	30	ENSRNOG00000047756	Mef2a	1	0	0	1
2001	50	4001	50	30	ENSRNOG00000002154	Mepe	1	1	0	0
2001	50	4001	50	30	ENSRNOG00000015434	Midn	1	1	0	0
2001	50	4001	50	30	ENSRNOG00000007175	Mier1	1	0	1	0
2001	50	4001	50	30	ENSRNOG00000036443	Mir499a	1	1	0	0
2001	50	4001	50	30	ENSRNOG00000035613	Mir7-1	1	0	0	1
2001	50	4001	50	30	ENSRNOG00000036338	Mir702	1	0	0	1
2001	50	4001	50	30	ENSRNOG00000011839	Mrps31	1	0	0	1
2001	50	4001	50	30	ENSRNOG00000067602	Mup5	1	0	0	1
2001	50	4001	50	30	ENSRNOG00000021000	Naaladl1	1	0	0	1
2001	50	4001	50	30	ENSRNOG00000046492	Nemp1	1	1	0	0
2001	50	4001	50	30	ENSRNOG00000011668	Nfil3	1	0	1	0
2001	50	4001	50	30	ENSRNOG00000020543	Nosip	1	0	1	0
2001	50	4001	50	30	ENSRNOG00000029535	Nrbp2	1	0	1	0
2001	50	4001	50	30	ENSRNOG00000002574	Nubp1	1	0	1	0
2001	50	4001	50	30	ENSRNOG00000025890	Opa3	1	1	0	0
2001	50	4001	50	30	ENSRNOG00000064373	Opa3	1	1	0	0
2001	50	4001	50	30	ENSRNOG00000070697	Or9s13	1	1	0	0
2001	50	4001	50	30	ENSRNOG00000013136	Oxsr1	1	0	0	1
2001	50	4001	50	30	ENSRNOG00000025286	Pank2	1	0	1	0
2001	50	4001	50	30	ENSRNOG00000016870	Pcif1	1	1	0	0
2001	50	4001	50	30	ENSRNOG00000020742	Pcnx3	1	0	1	0
2001	50	4001	50	30	ENSRNOG00000018610	Pde6d	1	1	0	0
2001	50	4001	50	30	ENSRNOG00000002541	Pds5a	1	1	0	0
2001	50	4001	50	30	ENSRNOG00000050169	Pet100	1	0	1	0
2001	50	4001	50	30	ENSRNOG00000018911	Pfkfb3	1	0	1	0
2001	50	4001	50	30	ENSRNOG00000017079	Pgm2l1	1	1	0	0
2001	50	4001	50	30	ENSRNOG00000001417	Plod3	1	0	0	1
2001	50	4001	50	30	ENSRNOG00000028834	Polr2a	1	0	1	0
2001	50	4001	50	30	ENSRNOG00000013545	Polr2e	1	1	0	0
2001	50	4001	50	30	ENSRNOG00000025310	Pop7	1	1	0	0
2001	50	4001	50	30	ENSRNOG00000012653	Ppp1r13b	1	0	0	1
2001	50	4001	50	30	ENSRNOG00000017692	Ppp1r37	1	1	0	0
2001	50	4001	50	30	ENSRNOG00000021025	Ppp2r5b	1	0	0	1
2001	50	4001	50	30	ENSRNOG00000021125	Prdx5	1	1	0	0
2001	50	4001	50	30	ENSRNOG00000019330	Procr	1	0	0	1
2001	50	4001	50	30	ENSRNOG00000016705	Prpf4b	1	0	1	0
2001	50	4001	50	30	ENSRNOG00000010083	Prpsap1	1	1	0	0
2001	50	4001	50	30	ENSRNOG00000020517	Prrg2	1	0	1	0
2001	50	4001	50	30	ENSRNOG00000015088	Prune2	1	0	1	0
2001	50	4001	50	30	ENSRNOG00000019551	Psmb6	1	0	1	0
2001	50	4001	50	30	ENSRNOG00000017600	Ptpn9	1	1	0	0
2001	50	4001	50	30	ENSRNOG00000049034	Ptrh1	1	0	1	0
2001	50	4001	50	30	ENSRNOG00000017093	Pxdc1	1	0	1	0
2001	50	4001	50	30	ENSRNOG00000016975	Pxmp4	1	0	1	0
2001	50	4001	50	30	ENSRNOG00000003923	Rab21	1	0	1	0
2001	50	4001	50	30	ENSRNOG00000018729	Rad9a	1	1	0	0
2001	50	4001	50	30	ENSRNOG00000003005	Rasgef1c	1	1	0	0
2001	50	4001	50	30	ENSRNOG00000020710	Raver1	1	0	1	0
2001	50	4001	50	30	ENSRNOG00000030452	Rimbp3	1	1	0	0
2001	50	4001	50	30	ENSRNOG00000019108	Rmi1	1	0	0	1
2001	50	4001	50	30	ENSRNOG00000028422	Rmnd5a	1	0	1	0
2001	50	4001	50	30	ENSRNOG00000069896	Rnu6-968	1	1	0	0
2001	50	4001	50	30	ENSRNOG00000029449	Ror1	1	0	0	1
2001	50	4001	50	30	ENSRNOG00000031315	Rpl36a	1	0	0	1
2001	50	4001	50	30	ENSRNOG00000065974	Rsad1	1	0	1	0
2001	50	4001	50	30	ENSRNOG00000030920	Rtn4r	1	1	0	0
2001	50	4001	50	30	ENSRNOG00000022500	Rwdd4	1	1	0	0
2001	50	4001	50	30	ENSRNOG00000021003	Sac3d1	1	0	0	1
2001	50	4001	50	30	ENSRNOG00000019831	Samd4b	1	1	0	0
2001	50	4001	50	30	ENSRNOG00000000702	Sart3	1	0	1	0
2001	50	4001	50	30	ENSRNOG00000029949	Serpina3a	1	0	1	0
2001	50	4001	50	30	ENSRNOG00000017866	Sirt5	1	0	1	0
2001	50	4001	50	30	ENSRNOG00000013959	Skor1	1	0	0	1
2001	50	4001	50	30	ENSRNOG00000011881	Slc25a15	1	0	0	1
2001	50	4001	50	30	ENSRNOG00000020994	Slc25a39	1	1	0	0
2001	50	4001	50	30	ENSRNOG00000030616	Slc25a45	1	0	1	0
2001	50	4001	50	30	ENSRNOG00000059463	Slc39a1	1	0	0	1
2001	50	4001	50	30	ENSRNOG00000045524	Slc39a3	1	1	0	0
2001	50	4001	50	30	ENSRNOG00000031995	Smim15	1	1	0	0
2001	50	4001	50	30	ENSRNOG00000070981	Snord13	1	1	0	0
2001	50	4001	50	30	ENSRNOG00000006961	Snrpb	1	1	0	0
2001	50	4001	50	30	ENSRNOG00000010492	Sp2	1	1	0	0
2001	50	4001	50	30	ENSRNOG00000002903	Specc1	1	0	0	1
2001	50	4001	50	30	ENSRNOG00000049312	Speer4c1l	1	1	0	0
2001	50	4001	50	30	ENSRNOG00000062590	Spetex-2Fl1	1	1	0	0
2001	50	4001	50	30	ENSRNOG00000065267	Spetex2a	1	1	0	0
2001	50	4001	50	30	ENSRNOG00000068863	Spetex2g	1	1	0	0
2001	50	4001	50	30	ENSRNOG00000010626	Sphk1	1	1	0	0
2001	50	4001	50	30	ENSRNOG00000048277	Srrt	1	0	0	1
2001	50	4001	50	30	ENSRNOG00000025023	Stat6	1	1	0	0
2001	50	4001	50	30	ENSRNOG00000006400	Tbc1d14	1	1	0	0
2001	50	4001	50	30	ENSRNOG00000006103	Tbc1d31	1	1	0	0
2001	50	4001	50	30	ENSRNOG00000019383	Tef	1	0	1	0
2001	50	4001	50	30	ENSRNOG00000002571	Tekt5	1	0	1	0
2001	50	4001	50	30	ENSRNOG00000032395	Tfcp2	1	0	1	0
2001	50	4001	50	30	ENSRNOG00000002418	Tgfb2	1	1	0	0
2001	50	4001	50	30	ENSRNOG00000005174	Tmem121	1	1	0	0
2001	50	4001	50	30	ENSRNOG00000012808	Tmem259	1	1	0	0
2001	50	4001	50	30	ENSRNOG00000067167	Tmem263	1	1	0	0
2001	50	4001	50	30	ENSRNOG00000004415	Togaram1	1	1	0	0
2001	50	4001	50	30	ENSRNOG00000022482	Trappc11	1	1	0	0
2001	50	4001	50	30	ENSRNOG00000017468	Trappc6a	1	1	0	0
2001	50	4001	50	30	ENSRNOG00000050650	Ttc16	1	0	1	0
2001	50	4001	50	30	ENSRNOG00000023494	Tti2	1	1	0	0
2001	50	4001	50	30	ENSRNOG00000030467	Ube2l6	1	1	0	0
2001	50	4001	50	30	ENSRNOG00000020937	Ubtf	1	1	0	0
2001	50	4001	50	30	ENSRNOG00000051006	Ufsp1	1	0	0	1
2001	50	4001	50	30	ENSRNOG00000025909	Uqcc2	1	0	1	0
2001	50	4001	50	30	ENSRNOG00000017810	Uros	1	1	0	0
2001	50	4001	50	30	ENSRNOG00000026508	Vmo1	1	0	1	0
2001	50	4001	50	30	ENSRNOG00000002705	Vps4b	1	1	0	0
2001	50	4001	50	30	ENSRNOG00000010042	Wdfy2	1	1	0	0
2001	50	4001	50	30	ENSRNOG00000012379	Wdr18	1	1	0	0
2001	50	4001	50	30	ENSRNOG00000000988	Xab2	1	0	1	0
2001	50	4001	50	30	ENSRNOG00000001623	Zbtb21	1	0	0	1
2001	50	4001	50	30	ENSRNOG00000020161	Zbtb7a	1	1	0	0
2001	50	4001	50	30	ENSRNOG00000026277	Zc3h6	1	0	0	1
2001	50	4001	50	30	ENSRNOG00000005009	Zfp3	1	0	1	0
2001	50	4001	50	30	ENSRNOG00000017086	Zfp341	1	0	1	0
2001	50	4001	50	30	ENSRNOG00000014380	Zfp788	1	0	0	1
2001	50	4001	50	30	ENSRNOG00000042601	Zglp1	1	1	0	0
2001	50	4001	50	30	ENSRNOG00000065068	Znf431l3	1	0	1	0
2001	50	4001	50	30	ENSRNOG00000001418	Znhit1	1	0	0	1
2001	50	4001	50	30	ENSRNOG00000070079	tuba1c-ps1	1	0	0	1
